3040507330047073
8581819310001197
FF01011310010117
34C2829300000297
3051F07330529073
0945051300000517
08C5859300000597
0000F61702B50063
00C5FA6388860613
0055A02300052283
FEC5EAE305910511
86C505130000F517
FA05859310000597
00C5FA6399018613
0055A02300052283
FEC5EAE305910511
1000859799018513
00B577632EC58593
6DE3051100052023
000045172365FEB5
2A1030EFAB850513
45012D292E7030EF
6E4000EF20294581
478571550000A001
D562DB56C5A2C786
10041437CF6ED366
DD52DF4EC1CAC3A6
2223D16AD75ED95A
05130000551708F4
0613427030EFF0E5
0000551745C10400
301030EFF1850513
0513000055174595
47892F3030EFF225
4441C20208F42223
7D9702000793C402
5A97216D8D930000
5C97EBEA8A930000
5C17F42C8C930000
C663F72C0C130000
A783B00029730C87
A683010DA703004D
A583008DA60300CD
852201010813000D
B0002B738BAA2DE5
412B07B310051463
5063014DA483C63E
8A26010109131C80
260349854B018D4A
85DA000A2683000D
00D605630B058566
0D114981265030EF
46B2FF6412E30A11
000056170E099063
551785D602060613
30EFEDE505130000
00092603409423F0
30EF0B85856285DE
47910174076322F0
FEFB93E304910911
8D9347A202098C63
7797C43E0785020D
8C631E6787930000
0793FFCDA40302FD
DEE3FF8DAA830200
0000551785D6F287
1E9030EFE2C50513
8D93C23E07854792
879300007797020D
4412FCFD98E31B27
470D100417B745A2
5517862208E7A223
30EFE86505130000
40BE4792C8391B70
59FA490E449E442E
5BBA5B4A5ADA5A6A
4DFA5D0A5C9A5C2A
8082616900F03533
0000551785D6862A
181030EFDE450513
BF61C23E07854792
E046061300005617
05130000551785D6
B715163030EFE025
E485051300005517
04000813269030EF
0800069347054785
0400059304000613
E405051300005517
00005597135030EF
00005517E7858593
121030EFE7850513
03000613B0002473
00005517A4C18593
6BB000EFE5850513
4963B000267385AA
000055178E010405
0F1030EFE7850513
00005597A4C18613
00005517E3058593
0D9030EFE8450513
E8C5051300005517
46B2BF211E1030EF
D546061300005617
05130000551785D6
BD590B3030EFD525
E0C5051300005517
C23E47850A5030EF
C006715D0000B5F5
C81EC61AC416C212
D036CE32CC2ECA2A
DE46DC42D43ED23A
C6FEC4FAC2F6C0F2
22F3D616341022F3
300022F3D8163420
858A34202573DA16
3412907352B22C55
52D23422907352C2
4212408230029073
455243C2433242A2
57125682467245E2
4E0658F2586257A2
61614FB64F264E96
C51187AA30200073
CFCC8DD945014D58
87AA8082557D8082
270310000717C915
071302B755B3C727
15FD4501C5580800
0FF777130085D713
C38C0FF5F593C3D8
470DC7980C600713
8082557D8082C7D8
0207F793495CC901
80824501C10CDFED
495CC9018082557D
75134108DFF58B85
0FF0051380820FF5
1000871747A58082
8082557DF0F72C23
00A7E6634785157D
80824501C1DC6789
2D231000871747A5
45058082557DEEF7
C119808245018082
353711418082557D
842EC606C4221001
40B200A400233755
8082014145054422
BB87071310000717
869310008697431C
00D56B63953EEBE6
340686931000F697
853EC30800A6E563
8082853E57FD8082
CE06C64ECC221101
89B2842EC84ACA26
0933C529033030EF
0009996344A90134
100135370405A03D
4583032402633725
45B5FE9598E30004
45833F1110013537
0405100135370004
854EFF2412E33721
494244D2446240F2
557D8082610549B2
A7030200C7B7BFC5
1141FFC7A783FF87
86BAC226C422C606
FF85A7030200C5B7
267387BAFFC5A783
C6B7FEE689E3B000
A483FF86A4030200
B00027738C1DFFC6
40C704B3FEA469E3
468186220284F5B3
10EF81C500F59513
40B20284D73358F0
073E014144924422
450511418082953A
051340B23F41C606
1141B75901410640
00005517842AC422
30EFC60696050513
0000551785A274A0
628030EF96450513
00005517341025F3
618030EF96450513
00005517343025F3
608030EF96450513
842AC4221141A001
9605051300005517
85A2706030EFC606
9205051300005517
341025F35E4030EF
9205051300005517
343025F35D4030EF
0000551740B24422
306F014191C50513
879304C4B7B75BE0
2D23100007174007
545247B78082A0F7
98F1A82315078793
3410277398A1AA23
3430277398E1AC23
9AB1A02398E1AE23
000056171141A001
000055978F860613
000055178FC58593
30EFC60690050513
8593000055975660
05130000551791A5
40B2552030EF9165
9B45A58310000597
9145051300005517
114153A0306F0141
1437C42247C1C606
35F908F422231004
98A7A62310000797
2223000305B747C5
31FD1001253708F4
2005859365F147C9
1001353708F42223
08F4222347CD31FD
08F4222347D13F8D
EA66869300000697
A08187139DC18793
FEE79EE30791C394
ED27071300000717
A4C18693A0818793
FED79EE30791C398
9DC186939B418793
FEF69EE30791C398
28B746810C000637
27F3454548050C00
438C97C6079EF140
FFF7471300D81733
00062023C3988F6D
FEA691E306110685
0C200737F14027F3
97BA07B2442240B2
808201410007A023
15B7808280828082
87AA100585931004
43948D8920050613
C314079100F58733
15B78082FEC79BE3
87AA300585931004
43948D8904050613
C314079100F58733
16378082FEC79BE3
3406061387AA1004
43948E1D02050513
C314079100F60733
17B78082FEA79BE3
65138082C7881004
C388100417B70015
1004163747018082
873600A77A63A021
8B8500170693425C
557D80824501DBED
F5B7100416378082
859340060793EFFB
439444060613C005
C314972A00B78733
8082FEC79AE30791
2F312623D0010113
2E812C232E112E23
2F2128232E912A23
2F5122232F412423
2D712E232F612023
2D912A232D812C23
2DB126232DA12823
576389AACC42CA3A
56FD842E8AB616A0
853E89320EB05763
F71300F9F793863A
0963EFE98FD903F5
0563140A87631409
3F25140803631406
0A1319FD40345593
9793FF09F993FFF4
C63EFC0A7A130045
01098793000F4B37
4B8100259C93C83E
0913018000844C01
0A13080109930209
0B1308000D93040A
401C571347D2240B
4314101C973E070A
FED7AE2307110791
3D651008FEF49BE3
965E403D56134D01
4501964A8E22060A
43948772FE060793
FED72E2307110791
0E130521FEF61BE3
FFB512E39666020E
87A69756FFCD7713
AE23071107914314
8522FEF99BE3FED7
351335A98526353D
0506040D0D13001D
855A3549054D0563
208356F5D1453569
24832F8124032FC1
29832F0129032F41
2A832E812A032EC1
2B832E012B032E41
2C832D812C032DC1
2D832D012D032D41
3001011385362CC1
3D25004565138082
CE2AFD453581855A
171346E23DA1854E
46F2973687CE002C
2E23071107914390
47B2FEF41BE3FEC7
16E347C29BBE0C41
B76156FDB771F0FC
C2010113B75156F9
00259A133D412423
3D2128233C912A23
3D5122233D312623
3C812C233C112E23
3B712E233D612023
3B912A233B812C23
3BB126233BA12823
CA32C82A89BAC62E
84BA9A3ACE3ECC36
80000AB700000913
0491000005934080
85CA734020EF8522
008AC43300055463
53636AC020EF8522
FC9A1EE3892200A0
6085A5830FFFF597
F417448020EF854A
85A25F6424030FFF
4A636FC020EF8B2A
0FFFF51785DA1005
426020EF5E852503
0FFFFB9747B28C2A
02010A935DCBAB83
8D5E4A01FFC7FD93
258344814401894E
73A020EF85620009
20EF8CAA00000593
856685EA872A6400
0D2020EF0A074F63
F80007934A5020EF
F800051300F55463
00A7D46307F00793
0FF5751307F00513
0200079300851533
18E309118CC90421
0A11009AA023FAF4
F94D9EE309C10A91
45B24652476244C2
101447B90A010813
E11589AA33398526
1104002499134472
0491041140889922
20EF85DA49D020EF
16E3FEA42E236B00
24033DC12083FE89
29033D4124833D81
2A833C812A033D01
2B833C012B033C41
2C833B812C033BC1
2D833B012D033B41
3CC12983854E3AC1
85DE80823E010113
3E9020EF089020EF
2C030FFFFC17B791
7179BDDD8B224CEC
CC52CE4ED226D422
D606C65EC85ACA56
8A2E89AAC462D04A
0B9384AA8B368AB2
00000793842A1005
10EF0411853E400C
FE8B9AE387AA7D10
49C5A5830FFFF597
0413892A60E020EF
049185CA40880000
20EF85AA021020EF
10EF852285AA5F80
FE9B93E3842A7A10
46C5A5830FFFF597
0FFFF5975DE020EF
783010EF4645A583
F51785AA278010EF
20EF446525030FFF
0C1344018BAA2840
4388008987B31000
20EF008B04B385CA
5A2020EF85DE7CA0
20EF438C008A07B3
438C008A87B35980
C08873D010EF0411
542250B2FD8419E3
4A6249F259025492
4C224BB24B424AD2
8101011380826145
7E8124237E112623
7F2120237E912223
7D412C237D312E23
7D6128237D512A23
7D8124237D712623
7DA120237D912223
CA0101137BB12E23
6C63C62E03F00713
439C9A4187934AA7
747D67054AF76963
04130814B0070713
051A943A97365004
0A130000DA17079A
8A930000CA978FAA
04939ABE9A2A8F2A
0FFFFB9789221004
0FFFFB17378BAB83
000A0503374B2B03
2B9020EF0A050911
89AA4CC020EF85DE
20EF0A85000A8503
4BA020EF85DA2A70
663010EF854E85AA
FC9918E3FEA92E23
B007069377FD6705
6007891396B20810
B0070713080889BA
9936972A50078793
861786CA00F70533
95977F6606130000
35058EE585930000
97BA800987930818
45C6869300009697
061300009617874A
0513040005935D26
1A638B2A31890C00
AC039A4187933C05
9005879365850007
3617008C17130814
97B64FA606131000
4F0686930FFFF697
A0058613973296BA
438C00C58533080C
C28C07911007A603
98E307110691C310
099361410793FEA7
61010913C43E001C
002C171337305963
C23A6785C03E97BA
97BA081880078793
8B930FFFFB978ACA
678510078A1349EB
8CDE081C80078D13
A58300000D939D3E
0D11000D2503000C
85AA3AC020EF0C91
8DAA555010EF856E
0FFFF797FFAA13E3
0A91438C23078793
38A020EF100B8B93
9CE3FEAAAE234782
470561012783FAFA
472202E986638BBE
0A338ABA8BBE4692
85DE000AAD0300D7
26A020EF856AC03E
00A053630A914782
8A4AFF5A14E38BEA
00000D134D818ACA
0D85000AA783A021
554020EF853E85DE
A02385AA6CB000EF
4D3010EF856A00BA
FD8DCFE38D2A0A91
25030FFFF51785AA
8AAA7D1010EF1925
0A1185D6000A2503
2E2387DA2FE020EF
FF87C6E30B05FEAA
87937D7D08186785
700D0D1397BAB007
3D9747A29D3E4712
0A933A2D8D931000
8C6E00E78BB33101
526300000A138B4A
2503000C25830330
100C0C130B11000B
855285AA2AE020EF
92E38A2A457010EF
0D11014D2023FF6B
6685FDAA96E30D91
B0068693777D0810
97367007071396B2
86930000969787D6
0613000096179F26
051304000593A6A6
1E0517633CA90400
A5830009A50389A2
10EF0A910991000A
96E3FEA9AE234010
071377FD6505FE99
899397360814B005
B005071399BA6007
972A500787930808
861786CE00F70533
9597796606130000
36C188E585930000
00007697874E87CA
0000761748068693
0400059357860613
1E6332E508000513
0FFFFB9789CA1605
0FFFFB17084BAB83
0FFFFA97064B2B03
0009AA03058AAA83
20EF8552099185DE
85DA8C2A24811C80
8A2A1BC020EF8552
363010EF856285D6
1AA020EF855285AA
0818800787936785
93E397BAFEA9AE23
874A41010793FD37
3846869300006697
3FC6061300006617
0400051308000593
0E051F6396DFF0EF
2583400841010913
10EF091104110009
17E3FEA42E233110
071377FD6505FE94
841397360814B005
B0050713943A6007
972A500787930808
B61786A200F70533
B597326606130000
3CC141E585930000
B697872251010793
B617A8E686930000
0593B06606130000
F0EF040005130400
2983E1598B2A8F7F
4A81514104935101
A90304000A134405
854A049185CE0004
00A054637EF010EF
14E3040589CA8AA2
431C9A418713FF44
0156A023078546B2
208336010113C31C
7E812403855A7EC1
7E0129037E412483
7D812A037DC12983
7D012B037D412A83
7C812C037CC12B83
7C012D037C412C83
7F0101137BC12D83
C23E002C17938082
5B7DBF5D5B75B361
7139B77D5B79BF4D
DA26DC22DE06D452
D05AD256D64ED84A
00054683CC62CE5E
CED58A2E9A01A223
1FCB0B1300006B17
6497567D8BAA8AB2
441322E484930000
09939A418C13FFFB
87930000679703F0
A031020007131DB7
0007C70302F48263
19E300F405330785
CB63000C2783FED7
892A3C41006C00F9
001BC6834632E531
04064F63F6E10B85
89934901001A0413
496303F004939A41
E11D34A5A02D0150
032A806304054632
0007C70300CB07B3
0FA385320009A783
8A220905006CFEE4
000A0023FCF4DEE3
59B254D2546250F2
4BF25B025A925A22
61215942854A4C62
4901000A00238082
1493CA261101B7C5
C84ACE06CC220015
C05AC256C452C64E
842A7F8007B78085
3F5807B706F4D763
318007B704F4D363
7C0007B724F4D463
0FFFF597E7D98FE9
743010EFDEC5A583
A5830FFFF59784AA
733010EF8522DE25
0DB010EF852685AA
DBC5A5830FFFF597
07B7A0A171F010EF
2CF4CA63892A3FA0
06F4C06340C007B7
0FFFF5173C054E63
5793A025D8052503
8D1D4505078601F5
85A284AA4D4020EF
D64525030FFFF517
852685AA3A3010EF
446240F2087010EF
4A2249B2494244D2
808261054B024A92
D685A5830FFFF597
10EF85A26B7010EF
00EF89AABFE90610
10EF892A85AA23F0
0FFFF51785AA6A10
357010EFD1852503
B6D787934036E7B7
F5973697D263842A
10EFDCE5A5830FFF
A5830FFFF5976790
85A208E020EFDC65
0FFFF597667010EF
07C020EFDB85A583
F597655010EF85A2
20EFDAA5A5830FFF
643010EF85A206A0
D9C5A5830FFFF597
10EF85A2058020EF
A5830FFFF5976310
85A2046020EFD8E5
0FFFF59761F010EF
034020EFD805A583
D785A5830FFFF597
603010EF85228AAA
D6C5A5830FFFF597
10EF85A27A6010EF
A5830FFFF5975F10
85A2794010EFD5E5
0FFFF5975DF010EF
782010EFD505A583
F5975CD010EF85A2
10EFD425A5830FFF
5BB010EF85A27700
D345A5830FFFF597
10EF85A275E010EF
A5830FFFF5975A90
85A274C010EFD265
0FFFF597597010EF
73A010EFC105A583
8B2A01247433747D
8D2185A280000537
0FFFF597577010EF
78D010EFCF85A583
85CA84AA2CB000EF
85A277F010EF8522
702010EF854A8A2A
54B010EF855285AA
10EF855685DA842A
10EF852285AA2050
85AA299000EF6E80
85CA52D010EF8526
1E7010EF3209C263
25030FFFF51785AA
BD3D737010EFB9A5
F59750D010EF85AA
84AABB65A5830FFF
0FFFF5974FF010EF
715010EFBAC5A583
F5974ED010EF85A6
10EFB9E5A5830FFF
4DB010EF85A67030
B905A5830FFFF597
10EF85A66F1010EF
A5830FFFF5974C90
892A66C010EFB6E5
B745A5830FFFF597
F5974AD010EF8526
10EFB6A5A5830FFF
49B010EF85A66500
B5C5A5830FFFF597
10EF85A663E010EF
A5830FFFF5974890
85A662C010EFB4E5
0FFFF597477010EF
61A010EFB405A583
F597465010EF85A6
10EFADE5A5830FFF
10EF854A85AA6080
44B010EF85A21150
B3BD5F4010EF85A2
0FFFF5977D4000EF
655010EFAB85A583
B005A5830FFFF597
F597425010EF842A
10EFAF65A5830FFF
413010EF85A25C80
AE85A5830FFFF597
10EF85A2629010EF
A5830FFFF5974010
85A25A4010EFADA5
0FFFF5973EF010EF
605010EFACC5A583
F5973DD010EF85A2
10EFABE5A5830FFF
3CB010EF85A25800
AB05A5830FFFF597
0FFFF5975E1010EF
852284AAAA85A583
0FFFF5973AF010EF
552010EFA9C5A583
F59739D010EF85A2
10EFA8E5A5830FFF
38B010EF85A25400
A805A5830FFFF597
10EF85A252E010EF
A5830FFFF5973790
85A251C010EFA725
0FFFF597367010EF
50A010EFA645A583
F597355010EF85A2
10EF9CE5A5830FFF
4563852685AA4F80
F597001010EF1209
10EFA3E5A5830FFF
0FFFF517B9A94E00
F597B9819C852503
10EFA2E5A5830FFF
A5830FFFF5973190
85A252F010EFA265
0FFFF597307010EF
51D010EFA185A583
F5972F5010EF85A2
10EFA0A5A5830FFF
2E3010EF85A250B0
9FC5A5830FFFF597
10EF85A24F9010EF
A5830FFFF5972D10
85A24E7010EF9EE5
0FFFF5972BF010EF
4D5010EF9E05A583
F5972AD010EF85A2
10EF9D25A5830FFF
A5830FFFF5974C30
10EF85228AAA9CA5
A5830FFFF5972910
85A2434010EF9BE5
0FFFF59727F010EF
422010EF9B05A583
F59726D010EF85A2
10EF9A25A5830FFF
25B010EF85A24100
9945A5830FFFF597
10EF85A23FE010EF
A5830FFFF5972490
85A23EC010EF9865
0FFFF597237010EF
3DA010EF9785A583
F597225010EF85A2
B9B596A5A5830FFF
F51785AA6DA010EF
10EF91A525030FFF
6C6010EFBE0D42B0
87C5A5830FFFF597
1101B605419010EF
CC2200151493CA26
C452C64EC84ACE06
07B78085C05AC256
10F4DD63842A7F80
DB63892A3F5807B7
85AA238007B70EF4
1BB010EF0CF4CF63
8645A5830FFFF597
F5971AD010EF84AA
10EF85A5A5830FFF
19B010EF85A63C30
84C5A5830FFFF597
10EF85A63B1010EF
A5830FFFF5971890
85A639F010EF83E5
0FFFF597177010EF
31A010EF81C5A583
A5830FFFF59789AA
15B010EF85268225
8185A5830FFFF597
10EF85A62FE010EF
A5830FFFF5971490
85A62EC010EF80A5
0FFFE597137010EF
2DA010EF7FC5A583
E597125010EF85A6
10EF7EE5A5830FFF
113010EF85A62C80
78C5A5830FFFE597
854E85AA2B6010EF
10EF85A25C2010EF
84AA3E8007B70F90
852285AA06F45563
E51785AA296010EF
10EF75E525030FFF
3FA007B7A8352FB0
41E007B720F4C163
30A0596306F4C363
817DA00D00000513
84AA755010EF0506
25030FFFE51785A2
85AA568010EF72A5
40F224C010EF8526
49B2494244D24462
61054B024A924A22
A5830FFFE5978082
29D010EF85227065
85AA224010EF85A6
6F0525030FFFE517
89AAB7E9289010EF
892A85AA3F4000EF
E51785AA057010EF
10EF6CE525030FFF
87934036E7B750C0
2897DA63842AB6C7
0FFFE5972609CF63
10EF85227805A583
A5830FFFE5970290
85A223F010EF7765
0FFFE597017010EF
22D010EF7685A583
E597005010EF85A2
10EF75A5A5830FFF
7F2010EF85A221B0
74C5A5830FFFE597
10EF85A2209010EF
A5830FFFE5977E00
85A21F7010EF73E5
0FFFE5977CE010EF
1E5010EF7305A583
7285A5830FFFE597
7B2010EF85228A2A
71C5A5830FFFE597
10EF85A2156010EF
A5830FFFE5977A00
85A2144010EF70E5
0FFFE59778E010EF
132010EF7005A583
E59777C010EF85A2
10EF6F25A5830FFF
76A010EF85A21200
6E45A5830FFFE597
10EF85A210E010EF
A5830FFFE5977580
85A20FC010EF6D65
0FFFE597746010EF
0EA010EF5C05A583
8AAA01247433747D
8D2185A280000537
0FFFE597726010EF
13D010EF6A85A583
85CA84AA47A000EF
85A212F010EF8522
0B2010EF854A8B2A
6FA010EF855A85AA
10EF855285D6842A
10EF852285AA3B40
85AA448000EF0980
85CA6DC010EF8526
396010EF25305C63
0FFFE597248DBD1D
0E5010EF5485A583
5905A5830FFFE597
E5976B4010EF842A
10EF5865A5830FFF
6A2010EF85A20580
5785A5830FFFE597
10EF85A20B9010EF
A5830FFFE5976900
85A2034010EF56A5
0FFFE59767E010EF
095010EF55C5A583
E59766C010EF85A2
10EF54E5A5830FFF
65A010EF85A20100
5405A5830FFFE597
0FFFE597071010EF
852284AA5385A583
0FFFE59763E010EF
7E3000EF52C5A583
E59762C010EF85A2
00EF51E5A5830FFF
61A010EF85A27D10
5105A5830FFFE597
10EF85A27BF000EF
A5830FFFE5976080
85A27AD000EF5025
0FFFE5975F6010EF
79B000EF4F45A583
E5975E4010EF85A2
00EF45E5A5830FFF
4A63852685AA7890
85AA290010EF1209
554525030FFFE517
07B7B30D7E0010EF
E517D8F4C1E340C0
BB0153A525030FFF
4B45A5830FFFE597
0FFFE59759E010EF
7B4010EF4AC5A583
E59758C010EF85A2
10EF49E5A5830FFF
57A010EF85A27A20
4905A5830FFFE597
10EF85A2790010EF
A5830FFFE5975680
85A277E010EF4825
0FFFE597556010EF
76C010EF4745A583
E597544010EF85A2
10EF4665A5830FFF
532010EF85A275A0
4585A5830FFFE597
0FFFE597748010EF
85228A2A4505A583
0FFFE597516010EF
6BB000EF4445A583
E597504010EF85A2
00EF4365A5830FFF
4F2010EF85A26A90
4285A5830FFFE597
10EF85A2697000EF
A5830FFFE5974E00
85A2685000EF41A5
0FFFE5974CE010EF
673000EF40C5A583
E5974BC010EF85A2
00EF3FE5A5830FFF
4AA010EF85A26610
3F05A5830FFFE597
E597160010EFBB89
00EF39E5A5830FFF
A5830FFFE5976410
B6E5635000EF30A5
E51785AA142010EF
10EF402525030FFF
81050506BED16920
DA26DC2271398082
0FFFE917DE06D84A
2A5584AA2AC90913
842A57FD00092703
2B25852602F70763
A5830FFFE597C11D
342010EF85263CE5
0FFFE59708A04B63
10EF85263C05A583
50F2000549633A80
594254D254628522
C43E479180826121
87930000C7978526
10EFD402C63E7FA7
00092503862A3330
CA2EC832CE2ECC32
0E634789D202D002
C91521F9002802F5
55925502EBB557A2
50F2842A39F010EF
594254D254628522
0FFFE71780826121
4354431022470713
16E3D236D0324789
07934DD010EFFCF5
478DB7D1C11C0220
0000C7978526C43E
D402C63E78878793
2503862A2C1010EF
C832CE2ECC320009
0FFFE797FD4DCA2E
43DC43981D478793
10EFB759D23ED03A
B759C11C57A24990
D84ADA26DC227139
57FD269D842ADE06
198929030FFFE917
85A200F90E6384AA
E901087010EF8522
10EF852200000593
50F2000549632B00
54D2852659425462
C43E478580826121
87930000C7978522
10EFD402C63E70A7
C82ACE2ECC2A23B0
460104090063CA2E
00EF85B685324681
4789D22ED02A7520
413010EF02F91763
57A2C11C02100793
10EF55925502E785
84AA546250F22990
612154D285265942
0028D202D0028082
DFF157A2D969264D
C11C57A23DF010EF
001517931101BFC9
C84ACA26CE06CC22
C05AC256C452C64E
842A7F8007378385
01F5549310F76E63
42B1773720E78B63
12A7416321770713
3EB177371E054A63
12F7716321870713
591707133F851737
0024991320F76863
438C97CA98018793
871345E010EF8522
2A834785974A9781
84B389AA8F850007
10EF854E85D64097
10EF842A85AA4420
A5830FFFE5972180
20A010EF892A1BE5
1B45A5830FFFE597
10EF85CA420010EF
A5830FFFE5971F80
85CA39D000EF1A65
0FFFE5971E6010EF
3FC010EF1985A583
E5971D4010EF85CA
00EF18A5A5830FFF
1C2010EF85CA3790
3DC010EF852285AA
10EF852285AA892A
80638A2A8B4A1B00
0FFFE51785CA1004
3BC010EF12C52503
657000EF855285AA
3AC010EF855685AA
85AA3A6010EF85CE
FFC525030FFFE517
F8300793398010EF
0174979310F4CD63
00EF85AAA021953E
44D2446240F23110
4A924A2249B24942
E597808261054B02
852E0E25A5830FFF
0737BFF913E010EF
E59702E7F2633180
85220CA5A5830FFF
0FFFE4972D7000EF
10EF85A6FA04A483
85A212A043630280
E59710C010EF8522
84AA0B25A5830FFF
0FFFE5970FE010EF
314010EF0A85A583
E5970EC010EF85A6
00EF09A5A5830FFF
0DA010EF85A62910
08C5A5830FFFE597
10EF85A62F0010EF
A5830FFFE5970C80
85A626D000EF07E5
852285AA0B6010EF
85DA8B2A2D0010EF
84AA0A4010EF8522
0285A5830FFFE597
85AA2B6010EF855A
85A2551000EF8526
E51785AA2A8010EF
10EFEFE525030FFF
42CFF737BF2129A0
000005131B570713
0513B719E0F772E3
8522F00490E30000
07DE06448793BDED
00C5A5830FFFE597
B5D5044010EF953E
FDC5A5830FFFE597
8793034010EF8522
408C94BE048A9881
5A8010EF1D7000EF
E597602010EF84AA
892AFBA5A5830FFF
852285AA00E010EF
E59789AA228010EF
854AFA65A5830FFF
B3F18AAA7F7000EF
19B000EF852285A6
001517131141B569
06378305C606C422
766385AA842A7F80
406386AACF3D08C7
417557938E690A05
F433008005B7EE11
96130686E04D00A5
5BE3040587220086
008006378F99FE06
F8178713FFF60593
001776138ED18EED
5813EE3100169793
4581450146E54017
00E5863301000737
05B300C7C66316FD
0786953A8F9100E6
0505C399F6ED8305
3F0005B785059979
95BE0178179395AA
0141852E442240B2
85A2745000EF8082
442240B20EF000EF
80820141852E85AA
10EFB74D00269793
3E7000EF85AA14A0
852E85AA442240B2
8F99577D80820141
050680824501B7B5
253381057F8007B7
87AE88AA808200F5
9963834685368832
86930000C6972006
67410CC5F0633A66
0FF007130AE67663
5533070E00C73733
0006C68396AA00E6
06B3973602000513
97B300E50C6340E5
183300E8D73300D7
933300F765B300D6
D7B30108589300D8
8241010816130315
0315F6B301035713
06C202F605B3853E
974200B77C638F55
01076763FFF78513
FFE7851300B77563
031777B38F0D9742
5733010353130342
0067E33307C20317
7B63863A02E606B3
FFF70613934200D3
00D3746301036663
8D510542FFE70613
01000537A85D4581
4761F4A66EE34741
58334705E601BF99
08E87F63674102C7
010773630FF00713
96BA00A857334521
020006130006C703
156340E606B3972A
4585410787B308E6
0108161301085893
F6B3010357138241
06C20317D7B30317
853E02F60E338F55
8513974201C77C63
756301076763FFF7
9742FFE7851301C7
031777B341C70733
5733010353130342
0067E33307C20317
7B63863A02E606B3
FFF70613934200D3
00D3746301036663
8D510542FFE70613
4541010007378082
B7954561F6E865E3
00E7D5B300D81833
00D797B300D89333
0108589300E8D733
0315F73300F76633
551383C101081793
07420315D5B30106
852E02B786B38F49
8513974200D77C63
756301076763FFF5
9742FFE5851300D7
0316F73340D706B3
0316D6B382410642
67B302D788B30742
0117FC63873600C7
E763FFF6871397C2
87130117F5630107
0105159397C2FFE6
BDCD8DD9411787B3
FF63674114D5E163
35B30FF0071302E6
00B6D533058E00D7
180707130000C717
051300074703972A
40E505B3972E0200
E5E3450502E51163
451300C8B533F2F6
01000737BF390015
45E1FCE6E5E345C1
96B300E65333B7D1
D53300D3633300B6
76B301035E9300E7
D73300B797B303D5
179300F7683300E8
0108571383C10103
03D5553300B61633
02A78F338F5506C2
971A01E77C638E2A
00676763FFF50E13
FFE50E1301E77563
76B341E70733971A
06C203D7573303D7
0108179302E78EB3
FC63853A8FD583C1
FFF70513979A01D7
01D7F5630067E763
0E42979AFFE70513
65336EC141D787B3
7333FFFE869300AE
8EF10105581300D5
06B302D30E338241
0333010E571302D8
0833971A933602C3
987600D7736302C8
E063983601075693
67C1D90793E30307
7E3307428F7D17FD
977200B898B300FE
157DE2E8F3E34581
BD2945014581B3A5
D2260145D7937179
C462C65ECC52D04A
D422D60600C59493
9713C85ACA56CE4E
8C368BB2892A0157
C75101F5DA1380B1
7FF007937FF7FA93
01D559930CFA8B63
09B70099E4B3048E
14130134E9B30080
4B01C01A8A930035
00CC1493014C5793
F59380B101579713
C37901FC5C137FF7
10F58B637FF00793
01DBD79300349513
8CC9008004B78D5D
C0158513003B9F93
8FD1002B17934601
018A46B3473917FD
10F7656340AA85B3
EF4707130000C717
97BA439C97BA078A
826300A4E9B38782
10EF8526C89D0609
4771FF5507933C20
041349F502F74963
94B340F989B3FF85
E9B3013959B30084
0593008914330099
B78540A58AB3C0D0
02050513390010EF
19B3FD850493B7E9
E9B3B7CD44010099
842A00098C6300A4
4B0D7FF00A9389A6
4B054A814401BF25
7FF00A934401BF05
0174EFB3B71D4B09
8526C89D060F8263
879385AA348010EF
02F749634771FF55
8E9DFF858F9346F5
00DBD6B301F49533
01FB9FB300A6E4B3
40B70533C0D00713
314010EF855EB705
8513B7E902050593
4F8100AB94B3FD85
8B630174EFB3B7C5
7FF005138FDE000F
45014481BDE5460D
05134481BDC54605
E663B5DD46097FF0
64632A9996630134
571301F996132BF4
D99301F417930014
951300E664330019
E8B3018FD8930084
02A9D833814100A8
010EDE9301089E93
008F931301045713
86338FC202A9F4B3
673301049993030E
974600C77C630137
01176763FFF80F93
FFE80F9300C77563
02A75E338F119746
02A7773380410442
074203CE88338672
974601077C638F41
01176763FFFE0613
FFEE061301077563
0FC2410704339746
0E1300CFEFB36841
F733010FD613FFF8
7E3301035F1301CF
04B302EE03B301C3
02B302EF073303C6
D7130097063303E6
0097736397320103
96160107561392C2
0057783312FD62C1
981E0053F3B30842
1E6384FE00C46763
979A0307FC6302C4
943A97460067B733
0088E663FFFF8493
0067EF6302889163
00861B6300C46663
B733979A0107F963
FFEF849397460067
8C1141078833943A
5FFD8C1D0107B7B3
02A45FB30E888763
02A4743301085713
044203FE87B3867E
944600F47C638C59
01146763FFFF8613
FFEF861300F47563
02A457338C1D9446
7433010858130842
02EE8EB387BA02A4
7C63008864330442
FFF70793944601D4
01D4756301146763
06429446FFE70793
83C1010617938E5D
02EF083301065713
02FF0F3341D40433
03C70E3303C78EB3
97FA9F72010ED793
983A674101C7F463
684197420107D713
05420107F533187D
66639576010EFEB3
8FB21AE4106300E4
FFF60F939446C91D
00E4666303146163
00A37D6318E41463
0067B33300131793
9446FFE60F93989A
046300E41463833E
8793001FEF930065
F7130AF05B633FF5
00FFF713CF01007F
861300C708634611
94FE01F63FB3004F
5863007497138FB2
17FDFF0007B70007
0713400587938CFD
DF9306F742637FE0
673301D49713003F
07D20034D51301F7
50B205327FF00637
8D5D81318FF15422
549200D567B306FE
4AD24A6249F25902
853A4C224BB24B42
15FD8082614585BE
84CE86D2B3B54781
0B63478D865A8FA2
0AF60F6347850AF6
4501F6F612E34789
B7657FF007934701
000804B7B7CD86E2
BFD9460D46814F81
038007138D1D4505
4963477D08A74963
97B341E5859304A7
95B300AFD73300B4
00B035B38FD900BF
F71300A4D5338FCD
00F7F713CF010077
871300C708634611
953E00F737B30047
49630085171387BA
838D01D517130407
BF254781810D8F5D
061340F707B35705
470100F4D7B30200
43E5859300C50663
01F76FB300B49733
01F7E7B301F03FB3
00080537B7554501
46817FF007934701
BF7D47014501BDFD
BDC5478547014501
1141BD598FB2867E
0080063701755713
0FF77913C04A167D
00A677B30175D713
0FF777138E6DC226
01F55493C422C606
06B3060E078E81FD
5A6312B4946340E9
26060C63E32106D0
874A97B2E68D16FD
0C06DB6300579693
05630FF006930705
F6137E0006B726D7
8FF5838516FD0017
0FF00713A8658FD1
0FF0071300E91C63
0BE30FF00713A06D
8E5904000737FEE9
00D5CD63470545ED
00D6573302000593
00D6163340D586B3
97BA8F5100C03633
412705B3CAA9BF79
15FDCB8900091D63
0693B77197B2E199
87B200D71B630FF0
0CE30FF00693A8A9
8FD5040006B7FED7
00B54D634685456D
D5338E8D02000693
37B300D797B300B7
87B300F566B300F0
00190593B7B900C6
1963E3390FE5F713
97B2CA19DFD50209
0006D76300579693
8FF9177DFC000737
8E630077F6934705
461100F7F6931806
A271079118C68963
4481DE0518078063
0FF00713020007B7
87630FF00713AAAD
872E838597B216E5
EB2106D05463B7E9
EE8116FDD261874A
DAE3005796938F91
147D04000437FA06
0593A8C5893A8C7D
0EE30FF007130FF0
CD63470545EDF8B9
57330200059300D5
163340D586B300D6
8F5100C0363300D6
0593BF7D874A8F99
06E30FF007130FF0
8E5904000737F6B9
41270533CEA1B7E9
157DCB9902091063
84AE40F607B3E509
1C630FF00693BF49
BF3584AE87B200D7
FED70BE30FF00693
486D8FD5040006B7
069300A84D634685
00A7D8338E890200
00F037B300D797B3
40D607B300F866B3
771300190713BF7D
02091463EF050FE7
44814781FE45E789
86B3EE0608E3A849
07B30056951340C7
D2FDFA0541E340F6
EE0798E3BDE187B6
84AE87B2EE0607E3
171340C78433BD31
043302075E630054
00EF852284AE40F6
1433FFB507134D30
07330327466300E4
0200069307054127
40E6873300E457B3
0080343300E41433
F479B55947018FC1
07B7B76947014781
40E9073317FDFC00
B5B5874ABD858FE1
0FF00713BB6D87B2
DB63005796934781
0FF0069307050006
FC0006B702D70F63
0FF006938FF516FD
C78100D71663838D
40B24481004007B7
075E7F8005374422
951383A58F6907A6
490244928FD901F4
4781808201418D5D
5493CA261101B7F1
C452C64EC84A0175
CC22CE0600951993
8A2E0FF4F493C256
01F559130099D993
8F630FF00793C4AD
040007B7098E06F4
F814849300F9E9B3
1413017A57934A81
80250FF7F793009A
0713C7B501FA5A13
040E06E78F630FF0
87938C5904000737
002A96134681F817
47B9167D8C9D8E55
06C7E76301494533
700707130000B717
97BA421C963A060A
854E020984638782
FFB50793399000EF
00F999B3F8A00493
0FF00493BF598C89
4A8DF80988E34A89
B7514A854481B769
36D000EF8522C015
00F41433FFB50793
BF518F89F8A00793
D45946890FF00793
46854781B769468D
FC6300541593B751
D413468114FD0C89
67C10289D8B30105
F73382C18FED17FD
0317883386460289
01077C638F550742
6763FFF88613972E
86130107756300B7
41070733972EFFE8
0287773302875833
01071793030786B3
97AE00D7FC638742
00B7E763FFF80713
FFE8071300D7F563
8F950106141397AE
8C5D00F037B38C59
08E0596307F48713
7793C79900747793
00D78363469100F4
D863004417930411
17FDF80007B70007
0793080487138C7D
04E7C663800D0FE0
0737042601771793
8C5D80258FF97F80
44628D4140F2057E
4A2249B2494244D2
9693808261054A92
B7250019D99301F9
478D86D6844E854A
8563478506F68263
F8F692E3478906F6
BF4D0FF007134401
00400437B7D58552
4785BFE9468D4501
04F74263476D8F99
00F457B309E48493
0080343300941433
C799007477938C5D
8363471100F47793
00541793041100E7
44010007DC63800D
00400437B79D4705
BFA945010FF00713
5693BF9147014401
17FD008007B70175
0FF6F6930175D713
00A7F6330FF00813
817D8FED0FF77713
C2390106956381FD
0107136380825579
CB8DE311EE9DFFE5
596300B51463CA01
8082557DC10D00D7
8082852EC591557D
8082D96500E6D463
FEF66CE3FEC7E5E3
8082450580824501
FCD702E3BFE1DE65
5693B7D9DBE1F769
17FD008007B70175
0FF6F6930175D713
00A7F6330FF00813
817D8FED0FF77713
C2390106956381FD
0107136380824509
CB8DE311EE9DFFE5
596300B51463CA01
8082557DC10D00D7
8082852EC591557D
8082D96500E6D463
FEF66CE3FEC7E5E3
8082450580824501
FCD702E3BFE1DE65
1101B7D9DBE1F769
CA2601755913C84A
00951493C452C64E
7913C256CC22CE06
599380A58A2E0FF9
07930609076301F5
048E08F900630FF0
09138CDD040007B7
017A57934A81F819
0FF7F793009A1413
C7BD01FA5A138025
08E780630FF00713
8C5904000737040E
96934701F8178793
16FD97CA8ED9002A
86130149C53345B9
B59706D5E6630017
068A3FE585930000
878297AE429C96AE
05D000EF8526C09D
F8A00913FFB50793
40A9093300F494B3
4A890FF00913BF49
4901B7614A8DD4D1
8522C015B7494A85
FFB50793031000EF
F8A0079300F41433
0FF00793BF498F89
B761470DD4514709
6741B74947054781
0104D693FFF70893
0114F4B301045593
0294083301147433
02B686B302868433
01085493029585B3
0084F36394AE95A2
07420114F73396BA
1413974201187833
0080343380C10067
049A8F4194B68369
0044971300E4E433
0014579306075763
07F607138C5D8805
0074779306E05163
469100F47793C799
1793041100D78363
07B70007D8630044
07138C7D17FDF800
800D0FE007930806
0713440106E7DD63
8426854EA8850FF0
FEF708E347898756
478504F70B63478D
47014401FAF716E3
863EB7DD8552A889
476D8F994785BF71
09E60613FEF746E3
00C4143300F457B3
77938C5D00803433
00F47793C7990074
041100E783634711
D0E3800D00541793
A03147054401FC07
0FF0071300400437
0426017717934501
80258FF97F800737
8D4140F2057E8C5D
49B2494244D24462
808261054A924A22
16FD1141008006B7
0175D89301755613
8EEDC22600A6F7B3
54930FF67613C04A
C6060FF8F89301F5
89320FF00513C422
068E81FD8746078E
C593E29900A89363
9263411608330015
926307005D631295
187D26068E630408
873297B602081663
0C06DD6300579693
06630FF006930705
F6137E0006B726D7
8FF5838516FD0017
0FF00713A8758FD1
0FF0071300E61C63
0BE30FF00713A07D
8ED904000737FEE6
0105CE63470545ED
0106D5B302000713
010696B341070833
00D5E73300D036B3
04080A63BF7197BA
8263EE0940C885B3
97B6E19915FD2007
9B630FF00613B761
0613B76587B600C8
0637FEC88CE30FF0
4605456D8FD10400
0200061300B54D63
97B300B7D5338E0D
663300F037B300C7
B7A900D607B300F5
0FE5F71300160593
1A078763EA0DEF0D
0057969397B6CA99
FC0007370006D763
F69347058FF9177D
F69318068D630077
18C68863461100F7
DA9DD7D9A2690791
8C630FF00713AA09
872E838597B616E5
9B6307005763BFD9
187DD6E987320408
96938F9500081D63
0437FA06DEE30057
893A8C7D147D0400
07130FF00593A8E5
45EDFAB602E30FF0
07130105CE634705
08330106D5B30200
36B3010696B34107
8F9900D5E73300D0
0FF00593BF758732
F6B609E30FF00713
B7E18ED904000737
40C8853304080C63
E509157DCFB9EE19
BF4184AE40F687B3
00C89C630FF00613
0613BD4184AE87B6
0637FEC88BE30FF0
4605486D8FD10400
0200061300A84D63
97B300A7D8338E09
663300F037B300C7
BF7D40C687B300F8
0FE7771300160713
C285E781E60DEF1D
EE068DE3A81987B6
0056151340D78633
40F687B300055663
4781E671B5D584AE
EE0799E3A8AD4481
020007B74481FAC1
8433A0A50FF00713
5D630054171340D7
84AE40F684330207
FFB5071321998522
0327466300E41433
0693070541270733
873300E457B30200
343300E4143340E6
B56147018FC10080
B74D47014781F861
073317FDFC0007B7
8732BD8D8FE140E9
0713B5AD87B6B5BD
0057969347810FF0
069307050006DB63
06B704D701630FF0
06938FF516FDFC00
00D71663838D0FF0
4481004007B7C781
7F800537442240B2
83A58F6907A6075E
44928FD901F49513
808201418D5D4902
B7E14781BD1187B2
F73317FD008007B7
75138FED815D00A7
0FF0069381DD0FF5
00D514630FF5F593
0FF00713EB014505
353300E594634501
00800637808200F0
FFF6079301755713
07E005930FF77713
F16301F556938FE9
F86309D0059304E5
45138000053700E5
E53380829536FFF5
DA630950079300C7
1533F6A7071300E7
40A00533CE8100E5
8733096007938082
B7F500E5553340E7
C606114180824501
5793C555C226C422
8C1D00A7C43341F5
2CCD852201F55493
8533872A09E00793
C4630960079340A7
00E7D56347A102A7
042600E414331761
95138C498025055E
44228D4140B201F4
0793808201414492
479500A7DD630990
57B301B706938F99
343300D4143300F4
D66347958C5D0080
1433FFB7079300E7
17FDFC0007B700F4
C6918FE100747693
00D403634691883D
DA63005796930791
16FDFC0006B70006
05338FF509F00413
B7610037D41340E4
1141B74944014481
4781842AC606C422
09E007932499CD19
4163096007138F89
00A75563472102F7
042600A414331561
40B2017795138025
8082014144228D41
00F75D6309900713
1733469501B50713
00E037338E8900E4
47158C5900D45433
FFB5071300A75663
FC00073700E41433
8F6100747693177D
03634691883DC691
00571693071100D4
FC0007B70006D963
09F007938F7D17FD
BF41003754138F89
F793114101755793
1413C226C4220FF7
851301F554930095
0FE57513C6060017
38078513C50D8025
07B2047600345793
95138FC983B10552
00A7E73340B201F4
85BA449244228522
D065EB9580820141
CF6347A9229D8522
07138F8947AD00A7
143300F457B30155
05333890071300E4
FF550793BF7540A7
B7F5440100F417B3
00345793C4194781
8FD9047600080737
9613BF697FF00513
82310145D81300C5
7FF8781301D55793
001807938E5D060E
171381FD7FE7F793
C8080693C3D10035
08D7CB630FE00793
CA6357A506D04263
4579008007B70CF6
C36347FD8D158E5D
17B3C828081302A7
163300F037B30107
8FD100A755330106
0077F71346818FC9
86B357F9A055C325
56B30200079340D7
00F50663488100D6
010618B3CA280813
00F037B300E8E7B3
3533051ABFC18FD5
01D75793060E00A0
67B3B7C18FD18E49
37B30008156300E6
0FF00693BF4500F0
020007B7060ECB81
0FF006934781B7CD
00075B6300579713
83630FF007130685
177DFC00073704E6
838D0FF007138FF9
07B7C78100E69663
7F80053745810040
83A58EE907A606DE
8D5D01F595138FD5
F713468147858082
FAC70AE3461100F7
B7D14781B77D0791
079302F5766367C1
078E00A7B7B30FF0
55338F1D02000713
87930000B79700F5
00054503953EBAE7
0737808240A70533
FCE56EE347C10100
468185AABFD947E1
A503AE6145014601
B7971141808280C1
C422D6E787930000
D64404130000B417
8409C606C2268C1D
40B24422E41984BE
C21FC06F01414492
97A600241793147D
1141B7DD9782439C
D34787930000B797
04130000B417C422
C04AC2268C1DD2A4
893E44818409C606
BE7FC0EF02849863
D0C787930000B797
D04404130000B417
893E448184098C1D
442240B200849F63
8082014149024492
439C97CA00249793
9793B7D197820485
0485439C97CA0024
D422715DBFD99782
DC32DA2E842AD606
C4C2C2BEC0BADE36
C51180C1A503C6C6
2365C62AE7814D1C
86221854450C4532
50B229F000EFCE36
1101808261615422
CC22CE06C84ACA26
892E84AAC452C64E
2BA5E3914D1CC501
8526E39944804C9C
87930000B79723BD
40C002F41C63B967
C7B18BA100C45783
4A2959FDC7A1481C
17FD00094583441C
0607DE63C41CE9B1
2841852645A98622
452902F5086357FD
87930000B797A035
448000F41463B767
87930000B797B7C1
44C0FAF41BE3B267
2205852685A2BF45
446240F2557DD955
4A2249B2494244D2
0905C41C80826105
CB634C180007D763
401C0145896300E7
8023C01800178713
85268622B75900B7
B7D1F7351FE3201D
C01800178713401C
B76100E780234729
F06F80C1A50385AA
1101F64FC06FF21F
CE06C84ACA26CC22
8432892E84AAC64E
2941E3914D1CC501
AB8787930000B797
4C1C40C006F41963
8BA100C45783C41C
481CCFBD481CC3C9
79130FF979934008
4663485C8D1D0FF9
2E35852685A200F5
17FD0505441CE52D
00178713401CC41C
485C01378023C018
00C4578300A78963
166347A9CB818B85
2631852685A200F9
44D2446240F2ED0D
61054942854A49B2
87930000B7978082
448000F41463A5E7
87930000B797B759
44C0F6F41EE3A0E7
2021852685A2BF9D
1141B7D9597DDD3D
C606C04AC226C422
842E892A80C1A483
8526E3994C9CC489
87930000B79726F9
40C002F417639F67
0107971300C41783
EAAD83410087F693
4725EA9501077693
0407E79300E92023
A871557D00F41623
9E0787930000B797
B7E9448000F41463
990787930000B797
BF6D44C0FCF410E3
C989584CC70D8B11
00F5846304440793
02042A232DAD854A
0004222300C45783
00F41623FDB7F793
00C45783C01C481C
00F416230087E793
00C45783EF81481C
2807F79320000713
854A85A200E78563
971300C4178329D5
83410017F6930107
000424234854C29D
4814CC1440D006B3
08077713E6814501
4492442240B2FF31
7693808201414902
4850E29146010027
851388AABFF1C410
4717E385411C9A81
C1183F2707131000
108505137FFFC517
2423411CC50987BA
487D43D887BA08F7
8D6304E84663557D
00630887A8030208
9542002715130408
460510082303C110
00C3633300E61633
08D5202310682023
268300D897634689
10C822238E551048
C3D4070A00170693
80824501C78C97BA
CC22110100C5D783
C64EC84ACE06CA26
842E84AA0087F713
00E0476341D8E765
450100E0446341B8
A903DF6D5458A0C1
A023013796930004
48680606DE630004
C7998B9100C45783
C399585C8D1D405C
500C545C8D1D403C
978285264681862A
1D6300C4570357FD
E46347F5409400F5
0785204007B708D7
CFA58B8500D7D7B3
C01C00042223481C
0007D86301371793
409C00F5146357FD
A023584CC868E391
04440793D1D10124
21F9852600F58463
500CBF8D02042A23
9702852646014685
409CF6F51FE357FD
00E785634775DFA5
A02300E795634759
00C45783B7B10124
00F416230407E793
494244D2446240F2
67138082610549B2
B7ED00E416230407
F20981E30105A983
A0238B8D0005A903
4701413909330135
54E3C41849D8E391
86CA500C541CF120
4A6397828526864E
557D00C4578300A0
00F416230407E793
40A9093399AAB765
1101C3A5499CBFD9
C511842ACE06CC22
2221C62EE7814D1C
87930000A79745B2
404C00F59C6372E7
8522C79D00C59783
F06F610540F24462
87930000A797E83F
440C00F5946372E7
87930000A797B7C5
444CFCF59BE36DE7
4501446240F2BFC1
8082450180826105
842AC606C4221141
00C5172300B51623
0005222300052023
0605222300052423
00052A2300052823
4581462100052C23
17972CC505C50513
D05CBCE787930000
BF47879300001797
879300001797D41C
00001797D45CC387
D00040B2C6478793
808201414422D81C
F325859300000597
0613C2261141A2B9
84B3FFF584930680
C422892EC04A02C4
26D507448593C606
00052023C919842A
C408053101252223
2CBD458106848613
44924422852240B2
4D1C808201414902
C606C4221141E7A5
FA87879300000797
262304052423D51C
A783040528230405
00F51463842A8101
28358522CD1C4785
C408281D8522C048
4048C44828058522
F05FF0EF45914601
F0EF45A546054408
45C946094448EFBF
40B24785EF1FF0EF
808201414422CC1C
A483C22611418082
C606C04A4C9C8101
8526E781892AC422
04848493F7FFF0EF
D66317FD40DC4480
4084CFB1409C0007
E73100C41703BFC5
06042223078577C1
0004222300042023
2823C45C00042423
2C2300042A230004
0513458146210004
02042A23224D05C4
0404242302042C23
852240B204042623
0141490244924422
BF79068404138082
EC7FF0EF854A4591
47B1FD49842AC088
7179BFE100F92023
CC52CE4ED04AD422
D226D606C65EC85A
04138A2E892ACA56
5BFD4B0549810485
1AFD00442A834404
F86D4000020AD063
59025492542250B2
4BB24B424AD24A62
8082614549F2854E
00FB7B6300C4D783
0177876300E49783
E9B39A02854A85A6
B7C10684849300A9
9583892ED0CA7159
D686D2A6D4A200E5
0005DC6384B68432
0004A02300C95783
0793E3950807F793
00EF0030A00D4000
4732FE0543E32CD0
97BA77798FF967BD
B7C5C09C0017B793
C01C50B604000793
4501590654965426
00C5D78380826165
CA26CE06CC221101
CF89842E8B89C84A
C81CC01C04740793
446240F2C85C4785
80826105494244D2
F0EF892A00300074
854A84AA45A2F73F
00C41783ED012A4D
9BF1FF612007F713
00F416230027E793
879300000797B7C1
578302F92423D8E7
E793C808C00800C4
47A200F416230807
1583CF9147B2C85C
251000EF854A00E4
9BF100C45783C901
00F416230017E793
16238CC900C45503
872A433DB7490094
00F7779302C37363
FF067693E5ADEFBD
C34CC30C96BA8A3D
6BE30741C74CC70C
06B38082E211FED7
00000297068A40C3
072300A680679696
062300B706A300B7
052300B705A300B7
042300B704A300B7
032300B703A300B7
022300B702A300B7
012300B701A300B7
002300B700A300B7
0FF5F593808200B7
96938DD500859693
9693B7618DD50105
9696000002970027
8096FA8680E78286
74E3963E8F1D17C1
A783C1D5B7A5F8C3
CE06CC221101FFC5
0007D363FFC58413
1EF000EFC62A943E
4532431C9AC18713
00042223EB89863A
610540F24462C300
00F47E631D50006F
966300D407334014
973643DC439800E7
BFF1C200C05CC018
7DE3C39943DC873E
00D706334314FEF4
96B2401000861F63
9EE300D70633C314
96B243DC4390FAC7
7563B77DC35CC314
B755C11C47B100C4
966300C406B34010
96B243DC439400D7
B771C340C05CC014
8493CA2611018082
CE06C84A98F10035
47B104A1C64ECC22
44B104F4F363892A
00EF854A04B4E263
43989AC1879313D0
8413E039843A86BE
4581E789401C9B01
85A6C008270D854A
1A6359FD2F29854A
00F9202347B10735
A03110B000EF854A
202347B1FC04D0E3
446240F2450100F9
610549B2494244D2
CF638F85401C8082
00F67663462D0207
A029C004943EC01C
C29C02871363405C
05130CB000EF854A
99610044079300B4
FCF500E340F50733
BF5DC01C8F89943A
40408722BFF9C35C
987100350413BF95
40A405B3FC8502E3
FB351CE32D49854A
C61C17FD461CBFAD
C5634E180007DA63
00F5946347A900E7
852E421CEAEFF06F
8023C21800178713
CC221101808200B7
C452C64EC84ACA26
843289AE892ACE06
14635A7D00D604B3
4583A81145010094
F0EF854A864E0004
FF4515E30405FADF
494244D2446240F2
808261054A2249B2
C94ACB26CD227135
C356C552CF06C74E
DAE6DCE2DEDEC15A
8436893284AE89AA
F0EFE3994D1CC509
87930000A797AD9F
A4830CF49C630FE7
8BA100C4D7830049
0793C7ED489CC7FD
079302F104A30200
02F10523D2020300
AA9702500B93C622
4C0510AA8A930000
00044783844A4B29
0CB30F779163C399
86E601240E634124
F0EF854E85A6864A
1EF5066357FDF37F
4783D23E97E65792
57FD1C078F630004
CE02C80200140913
040109A3CC02CA3E
461500094583D482
041347C227998556
0107F713E9590019
09A302000713C709
C7090087F71304E1
04E109A302B00713
02A0071300094683
844A47F208E68063
0004470346254681
FD07071300140593
CE3ECAB50AE67963
87930000A797A885
A48300F4956303E7
0000A797B7050089
F0F49BE3FEC78793
85A6B73900C9A483
D901DE4FF0EF854E
44DA446A40FA557D
4A9A4A2A49BA494A
5CD65C665BF64B0A
BF1904058082610D
00AC153341550533
B7B18922C83E8FC9
4318004706934732
CE3A02074963C636
02E0079300044703
0014470304F71F63
02F71B6302A00793
00478713040947B2
0207C163C63A439C
40E00733A835CA3E
C83ECE3A0027E793
842E036787B3B7E1
57FDBF2597BA4685
4681CA020405B7C5
0004470346254781
FD07071300140593
4583F2F106E67663
0000A517460D0004
CD112D11F8C50513
F80787930000A797
97B3040007938D1D
8D5D0405454200A7
461900044583C82A
F64505130000A517
02B1042300140913
7FFFB797C13D23C5
4742E79571478793
CF091007771347B2
97D25792C63E0791
036787B3B525D23E
BFBD97BA4685842E
B7D507A19BE1079D
8693000006970078
854E080C8626D626
000000E700000097
FCF514E38A2A57FD
0407F79300C4D783
BD555512EA079CE3
8693000006970078
854E080C8626D326
CC527179BFD92A01
D42245988A3A499C
D606CA56CE4ED226
89AAC65EC85AD04A
D3638AB684B2842E
4703C09C87BA00E7
C09C0785C3190434
C7810207F793401C
2903C09C0789409C
1A63006979130004
5BFD01940B130009
4C638F994098445C
36B30434478304F9
0207F793401C00F0
85D604340613EBA5
036357FD9A02854E
40984611401C04F5
9763448144548B99
D36340E684B300C7
4818441C44810004
94BE8F9900F75463
98635B7D04694901
4685A80945010524
9A02854E85D6865A
50B2557D01751E63
49F2590254925422
4BB24B424AD24A62
BFAD090580826145
0300061300D40733
0454470304C701A3
068997A200168793
4685BF9D04E781A3
9A02854E85D68622
B7450905FB650EE3
D04AD226D4227179
CA56CC52D606CE4E
869389B6842EC85A
07930185C5830435
EC63893284AA0780
ED630620079300B7
07931C05876300B7
0A9312F58C630580
A81504B401230424
0FF7F793F9D58793
A617FEF666E34655
078ADA6606130000
878297B2439C97B2
869304240A93431C
0123C314439C0047
401CA26D478504F4
05930807F6134308
C30C411CC20D0045
02D007130007D863
04E401A340F007B3
D34606130000A617
0407F613A0A94729
07C2DE71C30C411C
431C4010BFD987C1
0047851308067813
439CC30800080563
C30804067613A039
07130007D783DA7D
06130000A61706F0
47290EE58563CF26
C40C404C040401A3
996D40080005C563
CD998AB6E399C008
1AFD02E7F5B38AB6
80230005C58395B2
02E7D7B385BE00BA
1E6347A1FEE5F5E3
CB918B85401C00F7
00E7C763481C4058
FEFA8FA303000793
C814415686B31AFD
85A2007086CA874E
5A7DDA3FF0EF8526
50B2557D0D451B63
49F2590254925422
61454B424AD24A62
A61704B402A38082
400CC5E606130000
411C0805F8134308
C30802080D630511
E593C7010015F713
FBA94741C00C0205
C00CFDF5F593400C
0207E793401CB7A1
02A307800793C01C
06130000A61704F4
0405F813BF75C2E6
07C2FC0803E3C308
BF294721BF7D83C1
7813484C431C4010
0663004785130806
C38C439CC3080008
04067613C308A801
00B79023DA75439C
B7898AB600042823
869345814050431C
0007AA83C3140047
0533C5012C3D8556
C81C405CC0484155
4814BF31040401A3
9982852685CA8656
8B89401CF34502E3
5CE3444847B2E78D
4685BF09853EF0F5
9982852685CA8656
445C0A05F16502E3
FEFA45E38F994732
01940A934A01BFE9
C4221141B7F55B7D
10003797852E842A
B0EFC6066807A023
00F5186357FDFB2F
66C7A78310003797
442240B2C01CC391
C422114180820141
C60600E59583842E
487C0005496322D9
442240B2C87C97AA
00C4578380820141
16238FF9177D777D
00C5D783B7ED00F4
C84ACA26CC221101
1007F793CE06C64E
89B68932842E84AA
468900E59583C791
00C45783222D4601
15838FF9177D777D
446200F4162300E4
49B2864A86CE40F2
610544D285264942
842EC4221141A83D
28DDC60600E59583
1B6300C4570357FD
8FF917FD77FD00F5
442240B200F41623
8FD9678580820141
B7FDC86800F41623
1141A81D00E59583
85B2852E842AC422
A923100037978636
EF4FB0EFC6065807
379700F5186357FD
C39157E7A7831000
0141442240B2C01C
842AC42211418082
A12310003797852E
E3EFB0EFC6065607
379700F5186357FD
C39154E7A7831000
0141442240B2C01C
842AC42211418082
1000379785B2852E
B0EFC6065207A823
00F5186357FDE1AF
51C7A78310003797
442240B2C01CC391
C422114180820141
10003797852E842A
B0EFC6065007A023
00F5186357FDE08F
4EC7A78310003797
442240B2C01CC391
C422114180820141
863685B2852E842A
4C07A62310003797
57FDDD8FB0EFC606
1000379700F51863
C01CC3914B87A783
80820141442240B2
1463962A0FF5F593
47838082450100C5
0505FEB78DE30005
114180828082B7FD
85B2852E842AC422
AD23100037978636
D8AFB0EFC6064607
379700F5186357FD
C3914667A7831000
0141442240B2C01C
7061725400008082
65637845206E6920
00000D6E6F697470
203A45535541434D
000A0D786C257830
203A20204350454D
000A0D786C257830
203A204C4156544D
000A0D786C257830
206E692070617254
7075727265746E49
323A303200000D74
0000000037343A38
322035322079614D
6D6D754800363230
2064726942676E69
6C697542204B4453
203A656D69542064
0A0D7325202C7325
004D4C4900000000
64616F6C6E776F44
25203A65646F4D20
20555043000A0D73
636E657571657246
7A4820756C252079
656C697400000A0D
006D6F646E61725F
4D45472038413457
656C656363412056
654420726F746172
656C6954000D6F6D
203A657061687320
0D64252078206425
632056540000000A
6425203A746E756F
000000000A0D0A0D
3A4C494146207325
6566667562207920
6D73206F6F742072
0000000A0D6C6C61
204C494146207325
20656D69746E7572
000A0D64253D6372
3A5D64255B792020
672064253D776820
64253D6E65646C6F
5353415000000A0D
2520732500000000
73656C6379632073
0000000A0D75253D
205D64255B792020
6F67202C6425203D
25203D206E65646C
3D3D0A0D000A0D64
203A6C61746F5420
2C53534150206425
4C49414620642520
0000000A0D3D3D20
4D4C796E69540A0D
746172656E656720
000000000D6E6F69
76203A6C65646F6D
2064253D6261636F
253D6E6564646968
64253D6E66662064
3D73726579616C20
7364616568206425
5F7165732064253D
0A0D64253D6E656C
454D4F5200000000
6D6F7270000A3A4F
22732522203A7470
796E695400000A0D
72656E6567204D4C
4C49414620657461
0A0D64253D637220
656E656700000000
6425206465746172
20736E656B6F7420
7963207525206E69
00000A0D73656C63
2573250A0D2D2D2D
0A0D2D2D2D0A0D73
796E695400000000
72656E6567204D4C
5353415020657461
4C4941460000000D
656C697400000000
7261646E756F625F
656E696C00000079
6F646E61725F7261
3832317832335F6D
656E696C00000000
646E756F625F7261
317832335F797261
656E696C00003832
6C5F7177615F7261
317832335F656B69
0496040B00003832
043A044603E40420
04A8053D04A0049D
049F0460036C0466
04A004F8044D043B
044F065C05C90439
04CC04D604CD05AD
03FD03A3047604A1
B0DDD3FE03F904DB
507D1B3F140D142E
2E241333F6015506
FE03421EEF2AFFDF
22467DDFCFD2FC11
FDEFF132E30B2F2C
121F2D2010E2CD33
40EC020D1B301010
39FF020D00F51F44
11CBFDEE101E5DBD
E40DF1E0FDFCDF0E
E4BEFD3C2532E14E
E02E12F10C030F00
2214F0EEE0AE5122
103F120F1401B2D0
1112140FFFDBDD11
FEF0E0FE000DE101
E11143E42DF394FC
E3FE50DFEFFEF13E
EFBDF3F11D504422
F31035F4C41FC330
52110ED2AC00E2EF
45B252EE111FBF35
03FF4CE2EEDD5141
0D0FCFD5E4F02010
C03053D2301933F1
10EFF02F1112FFFE
EF21A033522DBF3C
2F2D130EEF210025
20A0B203C20F1B41
03012A231D3EF4FC
1FF10E002E9C0C40
212243D061D2F125
42EC1E413EE1F00E
DF1BF2302F1F0DBE
413451D2FFE01E20
E30740D012E3F1FC
3C00D3EED4EFF140
0D1D10D20FCDFA25
E20BE02D2E10DFEE
BD1E5102F3FEE0C0
43D1052C3B105C01
B2EEF19F21002000
22EC0E0FD1FD33F2
CFDFFDF3E233C312
2107B054ED0E1ECB
2CE13EB03C11F10F
FCF00E142321C000
E01333E30C41F32D
20404FF2FE01EF12
C31E3252E0D10E32
06CFCD305E02E1C1
230210FC00D330F0
2FF00010BB00E201
0E7F2E41FEFE02ED
EDFB0FE220E1C301
222D1D2FD10BC7DF
272FCE114FEF3010
FF10C10E3FFF0D31
1054DF0FC0E14DF1
1233D41110FC4101
2EC00E12DEDAECE1
11D42B3DB12103FF
EF3BD03DDFB110E0
1C531F1F1FADDCC2
B10EFFB0BD310121
1F1E3EEE1011E094
F32CF3200121DF0E
0C21E22030F013E2
2FE30C1262140012
E313F0F6D2EE52F9
D0FF3CD0FE0CF04B
234F1C43C23FC1E2
AEFF433F53011E11
00C0260EE1EE0422
E000D130D22EF014
34E1D210FF13E212
EEEFF7010124DEFC
F7D0F0F0F1F13212
F1B000C1FC1E4202
EE0EB43204ED3FE1
2DFD03431F1E1325
2203E11C11262FC1
03530EFDF41F0FFC
5CC210C0B13EF23E
3F63D0DDF10E4102
FC100F254400F1FF
172CE30FE40C1FC0
432EA3FE201C2001
3302E31C0FD3C112
1C10EE2B69C37CC4
3CC4E1B60FBF1EC1
11F110D39141CC00
9DD0FB3E0E1133E4
115250B11F11DEE3
C2F04C1D1DEDFF0F
0C3FF104C06D3DF1
0FF23CFEDFF0C121
2F1E4FE302BF01DF
DDE490FF20F3D2FA
E1F002142CE0E31C
AFED202FD2BF14D2
15D300FD11B551D5
0F1EE2113002C0D2
4E9FF06B20F2E0BE
11FB4F1EF051ED25
1103F3101ECF5101
0D21F2F0133E2F41
403F1CED12EE1D00
50C15FFD00FC1E3F
2ED1FF1EE4F4FCF0
11D341BEF0FFFED4
ECF0C315114B2015
35D0150CF200AD5D
123F7E4EFE02C230
00F01201D1E26121
0213E0F112FF110F
4E3FFDEE1FFFE01D
42C1121B00D54111
01E442EE22EEF32D
E11B14E34270DF2F
E4EF112E61D124C3
C3EF221D2FD00FFF
A321D2C0F204E00F
2F6100331D9EDC15
2F332F13FEDFCDFD
DEFCFD12DFC22B12
EBF2F22CE002EFFF
11F322DE12DEE05D
F132EDC0FF30101B
11DE211CE0300013
1011403012F0FDCE
E101EF4E20F202DD
1E0523020D2F1E1D
FF10EE022C12DDF0
0011023F101FF331
44E0F1FE3B411CC7
E50B000E1F2FCF7F
31BF3D30E2EF4FE3
FD20EC1D5E3F2201
F1E4040003DF1A0F
ED631E010A1D2ECE
020A23C2CD30422E
23E47F02D0194E37
4FFE3E1FCF5FC122
F051F22EB2224BD2
0233F5C22052C3D2
F5F1E2FF0DFE0EFE
EF3FCE0CC3E11093
7F2FD5F11212020F
FD11EDC01D30D11A
20EF0D1FEE33B63E
1E022F010DD00230
3021D21F1DFEEF03
24012F1F22333E41
0E050B1203D110F1
ED211D3FFC0321F0
210411DF00D0FF10
50E11FEB0E1409F5
1DFEF1D0E1100ED2
41F2FBFCE4D10C32
123203D132EE1F20
1032FC2FF03112EF
12220F33131E2CFE
1DE1E3E1F1031210
101F11301FF11220
F01F02EF10F2332F
00124E260641110F
EF100500E722FEFE
FA322111440011E1
09EFFFEDF0F23F40
F1D21DE319E211DE
2B1FCD13EEFE1592
B1053D0EEDD20202
C4FFF3D2610E7EE0
1FFF31FE3DF0CA02
C1E30E03F12510BF
3E140F3E1F02EFF2
F33F1CF0E02EE00F
D103F001FDFE23FF
F40EEF1E30DE14E1
2EE903DD32200E00
101B013DE0FF11EC
ED011FFEFE32E411
D0DD4E240F21FD20
E4CE0E3FFD20CE22
5131600DB24E0024
43CF22E41F1ED23E
0E3FD603201DFEF3
2651C0EDFF11F21E
ED01C0EF9F00202C
231F100333EF1E2F
0401B1BF2D1BDDEF
2F3F0312DD20FF20
5BD012B0D0F0FF1D
B12AEFF3710102F5
F1F20121E1F3110D
EB0E0332E1F042D0
12F0E3000E241ED1
D010E2F0F120DF1E
C6E54FF2C0031ED0
30DE4DEF002002DE
D1FDEC1E123F1EFE
FCC7E16F5112EFE2
EB1E0610FE40E211
0E4E110156FB2D12
4EFDF0C3F21D2204
5105FFD03DCEF201
05F4FF2401F3E051
5F20F20F1DF1DEE0
BE6DFEFF212FC1ED
1FFCBFFEDEE010FD
D2CC0EE073E1D220
DF011E11E2211030
0F101012B1E3D1F0
01C020B02D3F343F
5ED4014022033BF1
E522FFFCF0E21FFD
FDF2DD032F1FEFFA
2EB0D3EE2122F0F1
0FF001B11F0EE0EC
E32B92E31C2EFF31
FFA2EE40EE1EBE01
EE11F33D2F12F24E
AD33E2B2012050BD
E321EFE11EE226ED
1FA0C41FF02EFD4C
00EDE0C1EFDE32EF
21EF15E340ED14C2
D0EF12C0AE6DFB22
E0F223D0553E02EF
FFE0F19130FF22B2
A123F20E05B1F3B0
D1010140D1401F02
F41FD12F0DF11714
4CF11EBE2CF55DFD
2C49DA030F5E1302
F4E52DE0BF10FF14
21C111F1ECF40024
E2041C114032D0E2
DDEDD10023DF20EF
003CE111E22E0F0D
E201E12113DF2105
EEEF212F10F1EE00
200E0D214D141CFD
03033D2E10FDFEF7
CF1321F0B1E2EF2F
111313FCF101F23E
A4E10C41F02DF220
FFF10F0F730FF2DC
74B005B5111F1122
2F3211102E1E0D23
F33EEBF0C07C0FEF
410EC4310F12EECD
0E0D02E42FD200F2
2220ECFFCD023F0E
F9EBFEF404BC1102
060F16F61CF01A02
06E01DF102EA10E2
0BF0E002E9F40EF6
FAFA0319F9EEF30E
1A171414EBE9F919
0FEC06F9ED011FF6
FBEC08FBE0EB0C07
F01617FFF9111319
1E0F10E5EF0E030D
131507FF1AEA08F7
F10CF4E2F8FBF013
F801E7E6E3EA0906
EF04EAFB100AFEF8
F9EB02F00F01EDFB
E2E5FBEB140CE208
00000016E2FE0719
FFFFFFF40000000E
0000000000000000
FFFFFFD400000011
0000002500000014
FFFFFFD00000001C
0000000200000014
FFFFFFEF0000001C
00000003FFFFFFD0
0000000600000069
0000001E00000005
FFFFFFF9FFFFFFDF
0000002CFFFFFFE7
FFFFFFDC00000002
FFFFFFD9FFFFFFE4
FFFFFFF2FFFFFFD4
40004000FFFFFFCA
4000400040004000
4000400040004000
4000400040004000
4000400040004000
4000400040004000
4000400040004000
4000400040004000
7878787840004000
7878787878787878
7878787878787878
7878787878787878
7878787878787878
7878787878787878
7878787878787878
7878787878787878
8787878778787878
8787878787878787
8787878787878787
8787878787878787
8787878787878787
8787878787878787
8787878787878787
8787878787878787
7878787887878787
7878787878787878
7878787878787878
7878787878787878
7878787878787878
7878787878787878
7878787878787878
7878787878787878
8787878778787878
8787878787878787
8787878787878787
8787878787878787
8787878787878787
8787878787878787
8787878787878787
8787878787878787
7878787887878787
7878787878787878
7878787878787878
7878787878787878
7878787878787878
7878787878787878
7878787878787878
7878787878787878
8787878778787878
8787878787878787
8787878787878787
8787878787878787
8787878787878787
8787878787878787
8787878787878787
8787878787878787
7878787887878787
7878787878787878
7878787878787878
7878787878787878
7878787878787878
7878787878787878
7878787878787878
7878787878787878
8787878778787878
8787878787878787
8787878787878787
8787878787878787
8787878787878787
8787878787878787
8787878787878787
8787878787878787
7878787887878787
7878787878787878
7878787878787878
7878787878787878
7878787878787878
7878787878787878
7878787878787878
7878787878787878
8787878778787878
8787878787878787
8787878787878787
8787878787878787
8787878787878787
8787878787878787
8787878787878787
8787878787878787
7878787887878787
7878787878787878
7878787878787878
7878787878787878
7878787878787878
7878787878787878
7878787878787878
7878787878787878
8787878778787878
8787878787878787
8787878787878787
8787878787878787
8787878787878787
8787878787878787
8787878787878787
8787878787878787
7878787887878787
7878787878787878
7878787878787878
7878787878787878
7878787878787878
7878787878787878
7878787878787878
7878787878787878
8787878778787878
8787878787878787
8787878787878787
8787878787878787
8787878787878787
8787878787878787
8787878787878787
8787878787878787
7878787887878787
7878787878787878
7878787878787878
7878787878787878
7878787878787878
7878787878787878
7878787878787878
7878787878787878
8787878778787878
8787878787878787
8787878787878787
8787878787878787
8787878787878787
8787878787878787
8787878787878787
8787878787878787
7878787887878787
7878787878787878
7878787878787878
7878787878787878
7878787878787878
7878787878787878
7878787878787878
7878787878787878
8787878778787878
8787878787878787
8787878787878787
8787878787878787
8787878787878787
8787878787878787
8787878787878787
8787878787878787
7878787887878787
7878787878787878
7878787878787878
7878787878787878
7878787878787878
7878787878787878
7878787878787878
7878787878787878
8787878778787878
8787878787878787
8787878787878787
8787878787878787
8787878787878787
8787878787878787
8787878787878787
8787878787878787
7878787887878787
7878787878787878
7878787878787878
7878787878787878
7878787878787878
7878787878787878
7878787878787878
7878787878787878
8787878778787878
8787878787878787
8787878787878787
8787878787878787
8787878787878787
8787878787878787
8787878787878787
8787878787878787
7878787887878787
7878787878787878
7878787878787878
7878787878787878
7878787878787878
7878787878787878
7878787878787878
7878787878787878
8787878778787878
8787878787878787
8787878787878787
8787878787878787
8787878787878787
8787878787878787
8787878787878787
8787878787878787
7878787887878787
7878787878787878
7878787878787878
7878787878787878
7878787878787878
7878787878787878
7878787878787878
7878787878787878
8787878778787878
8787878787878787
8787878787878787
8787878787878787
8787878787878787
8787878787878787
8787878787878787
8787878787878787
7878787887878787
7878787878787878
7878787878787878
7878787878787878
7878787878787878
7878787878787878
7878787878787878
7878787878787878
8787878778787878
8787878787878787
8787878787878787
8787878787878787
8787878787878787
8787878787878787
8787878787878787
8787878787878787
7878787887878787
7878787878787878
7878787878787878
7878787878787878
7878787878787878
7878787878787878
7878787878787878
7878787878787878
8787878778787878
8787878787878787
8787878787878787
8787878787878787
8787878787878787
8787878787878787
8787878787878787
8787878787878787
7878787887878787
7878787878787878
7878787878787878
7878787878787878
7878787878787878
7878787878787878
7878787878787878
7878787878787878
8787878778787878
8787878787878787
8787878787878787
8787878787878787
8787878787878787
8787878787878787
8787878787878787
8787878787878787
7F807F8087878787
7F807F807F807F80
7F807F807F807F80
7F807F807F807F80
7F807F807F807F80
7F807F807F807F80
7F807F807F807F80
7F807F807F807F80
7F807F807F807F80
7F807F807F807F80
7F807F807F807F80
7F807F807F807F80
7F807F807F807F80
7F807F807F807F80
7F807F807F807F80
7F807F807F807F80
0001DE407F807F80
0001DE40FFFE2200
0001DE40FFFE2200
0001DE40FFFE2200
0001DE40FFFE2200
0001DE40FFFE2200
0001DE40FFFE2200
0001DE40FFFE2200
0001DE40FFFE2200
0001DE40FFFE2200
0001DE40FFFE2200
0001DE40FFFE2200
0001DE40FFFE2200
0001DE40FFFE2200
0001DE40FFFE2200
0001DE40FFFE2200
40004000FFFE2200
4000400040004000
4000400040004000
4000400040004000
4000400040004000
4000400040004000
4000400040004000
4000400040004000
D1327ECA40004000
586B4C8810CB464C
03CB9897B9645305
55903529BD3BFF73
78B27DB29CF62134
5E7376F22FBF4D4E
46DA8B548CC07B46
2DD5F84F4680BCC1
B64FAE9F5E84DDAF
2CD506188F97BA49
23AD00C307E44D56
EAEF0CC86043000C
CC54489CAAE46CF5
A173C1FD34E1C4FA
BBCD299063B186E1
0F74EB80C4EB4EF5
7968DCB704505FD9
FE34EDE659ABF24E
14A4A971CD9692A3
453A0C2158797304
826A7A39322B89B8
A93023524BCCE32D
BEF01CA50DAA140F
289369C122AE1970
639E60BCBFED59D5
E9DAF890D9788F32
3751EDEA4237F16E
0D7677E5A225B878
C27E6F3669810041
E91228419083B954
54113D8F251CAB2A
831CE44FFF9F5EA6
8501B272538CD761
A91CDB9F350FB7A1
E7E8822989A8598E
8B52296F94EDF010
9FC6AC29B1DFEDAD
1FAB9E9BDFE6A931
7F5A446332E09F50
42336532105AFBD2
0ADCC6DCC1D1C387
A2CB63C5A170D23F
E094DB23333E997D
3FCBE81F93F421F9
E0A5E3D7651AFDC0
6AEFA39D37D8ECCF
2A7C3739972E8D2E
02F2D82A0A527A21
730E55B91D185710
9F7C64E34B3C2D01
93D64847D2779AAF
D2396CDE36A1F633
2DC02B64ED69F877
B28C1E1D1665F1DC
46C4BBA9E3666D45
A98D0D31476E967D
4DB2650694B2626F
95BBC6EFEC3C2C75
D1241167484023C6
72622722BB6C6D7B
5333852929FEFDE4
E42AFF348D442F1E
0254C2DBC5A385B1
38C22C5C6BCDDDEE
A30C3EC7CA977FFD
4BBAE0918EFE6874
AEE3554335C076B2
50598D9B664F8FFC
C5BFB393C69253FC
4CB7A5A78781CC38
BEB3BB3EAB6274F5
67089415971AF58A
4542D166D096720F
6CBC1103B7CA81F7
480816A0E8C32769
E1B9B9DE927A62BB
5890AF1C053AEFCD
FFDC33559EDA5571
01787B4C0FE26A39
2E51B7FC86494CE1
C5C4854537DB7FFB
B80C2B0570EB5419
8F74C7845AC1B063
19AA9391A69FA594
211EFF2F3D237A13
2ADCE40ADFCF0781
AAA261F1B4E69DE4
11E1F8EB56D866BF
FB162AE968891030
8ACF8D7F868CE8EB
DA064403084E0A2C
9A75942FC298EC47
AFDE08141EE9045C
B6ED759BC8149D7E
F43406F53772CAF4
2A36FB69758A3DB4
01B0847F615DC209
A7B76436DA1FD2A8
3FF26827D1090899
D682D94AFDC4E689
A826054549E60F59
F144631750DD5D57
FB7D8700D40A80F3
3E7909866BAD94BC
D055536FA14422B6
ED3F7EBCD2A4329C
64ECF38A93754CD1
0D8A8AD7C9A27250
948C2AF64B40046E
88B45B6942826831
C549017D51C94D35
040D197404AC46D2
9BBAF9FF6C6BB80B
D43D7DF49B3C509B
B4601098A6B189A2
C2E03B0C5B638C1F
E2190B6525C37F8F
BFB0A75C78034FFE
F8C03230EDE6BC45
8BE335AF0ED82870
8137F5A304025224
747EC4A84516FD9B
25C710C1191E7D5B
40C201D0171190E2
8C2B59192EA94D76
15E0D86829AF53F3
AE752F9514B4799D
DA09180E45A7FD42
1849CE0D791B1560
5884F84DAED0B248
1F40E026AFDE549D
9DF2D0EB8EF030C0
343157C9940E004F
6E7A0A94C3C7001E
B145E73555782091
D47FBE594B4532DA
0BCFE9D74D623BFC
EAC05DACC19E1388
0CEFCAEF7AD74E5D
6F355BCF57D03A3A
17E6C336D6399D24
19E4971E5FAB1FCE
778D49DBF52685E1
C6D6C92E98F45853
DE7F59E374ABA40C
A6DA298B1EF712EF
E1834A64E632C9C5
899E22F1D146B833
497035C8FA00926D
CFA3C7C8805FF51B
8C83009CBCCE2C4C
80D7136354C1456A
D0F44CF86A8979F1
DD35A62EFBA32ADE
523420AAE56A7D3B
0EC51F826B3735EA
37C956F6DB0B91D9
38EE9D3A75FC5A41
3F0C8AC9F8FD55FF
4141129699350BC2
E2EA7F8BEA5B8B17
D51E61A8A46E6611
6EBB3770187FF644
116E9DAC354D95E4
15076E0E353568C7
85F0DCF2F162BA60
C18041F46DAACF45
1239B57DBC95115B
CC9A21D00E139619
BB486588081D7224
077C8E27593E7A48
2B36AE3C59A165B5
734667A1EA2DD2EB
447AC6FCECD1D8CD
64CE6C094EC70755
AA88AA4AC271CF39
65B3A5DE3025E90C
C11286DAEE5C98B2
E770FB0C828D1996
B0D3E8B6FDDF81CA
B46EB1B1C1C14F1A
E5CFE7ED37718748
666525E9A3BF9F73
E4EF8B2E5BC0E936
674C38BD10F8F311
69A344C5EDFA93FB
279079014B832313
C055DBE2E049DF65
7695CC1C856D0F0A
820190855B651B49
6C35A7AC51DB2E9C
95CDC73EA8CA7124
CC5236745133013A
FC7C6C7371975007
470A378F0155D3A2
67C2BB4EC2C70596
28EA5917024E9C7C
0BE193B026351F14
264B97C30164B208
069EF31D7EC2CF68
C274B293FA553766
CA5CB07A626770AE
5A453B2ABB8CE5B4
B90C02B476C46516
894B45865D92289D
7E8EFCCCC1C247FC
C05FB2804F585736
79847653643AB036
70DA6CFB7DA38BF2
DEEC718F16619FD3
6D8F33A46D14D0A1
6998E0EC8022C41C
36926DD58DECABF1
B050C1B2F76BF9C1
7718F0899D29D388
FA3646E3C3A3DEA2
E5DB11F3BA31AFBF
3BB4701FC4A5AEC6
ECB2049E20C2E476
2B1C00E76C699273
34C484AC5E5BE22F
C4480802477EFAC4
3242FAA7947B5B0D
95EBD2CEF94FC5F0
56A33C6FA43F5332
86263F5380C66A04
334D9336DF30FBFC
5A0FE5E10B9A6015
F2A9A3B7EF5A7114
757C7C9A7AC69EA6
A42C948CF93AB081
484F1B804A75E216
0EBC377C9165AFAA
FE8A4360642CC678
019DADEF2F8AB53F
E308D84DC78E3532
4C19BE8D945E5FE5
F9F6301D6A7CDDD3
CFF926E573F05F0E
375EE49EB6455AB5
7F50AFAEF5D2314B
612CCF19E5643490
C3FCBE9246F02315
E6A4E4EA2C258046
7C6938DA76F4B4CB
18EC957D07E29EE4
EE61F1DC1C148DA5
9D13C7DA494324E9
62610FA5FCE33367
27F84E41D458C778
7899F739CD29A163
15EB8F11FBD4F566
F60E192120C6B107
9D4231C9035AB628
C75D6A1B45D7FD26
5D932306519FC78A
1D1D05E410AF037F
FCE8040BE6F9EBF4
E0F71BF90817F2F5
F8170E11E9E2E6F9
EE12E7FFE416E0F4
E01E08EC10F10F0F
0CE21017EA13FE1B
E7E60F131F12FD05
1EF2F80AF2F41614
11EA0E0F0EE00814
E50A0107E6F2E4F0
18F4FA08FEF1F0EA
E31AF707F00F14F9
E7FB0515F2E4EFF6
0BEA1B181C0216E9
F6FAEEFEE5FD06ED
00000496FDF01312
FFFFFC42FFFFFED7
0000028B0000021A
0000020A000001AF
000000E1FFFFFFAE
000003ADFFFFFEDA
0000041F00000180
FFFFFECC0000025D
0000032D0000014C
FFFFFE6CFFFFFB6A
FFFFFDF000000324
FFFFFE0CFFFFFD3A
00000819FFFFFC1C
00000248000005BF
FFFFFC4700000237
FFFFFD98000003F4
40004000FFFFF905
4000400040004000
4000400040004000
4000400040004000
7878787840004000
7878787878787878
7878787878787878
7878787878787878
8787878778787878
8787878787878787
8787878787878787
8787878787878787
7878787887878787
7878787878787878
7878787878787878
7878787878787878
8787878778787878
8787878787878787
8787878787878787
8787878787878787
7878787887878787
7878787878787878
7878787878787878
7878787878787878
8787878778787878
8787878787878787
8787878787878787
8787878787878787
7878787887878787
7878787878787878
7878787878787878
7878787878787878
8787878778787878
8787878787878787
8787878787878787
8787878787878787
7878787887878787
7878787878787878
7878787878787878
7878787878787878
8787878778787878
8787878787878787
8787878787878787
8787878787878787
7878787887878787
7878787878787878
7878787878787878
7878787878787878
8787878778787878
8787878787878787
8787878787878787
8787878787878787
7878787887878787
7878787878787878
7878787878787878
7878787878787878
8787878778787878
8787878787878787
8787878787878787
8787878787878787
7878787887878787
7878787878787878
7878787878787878
7878787878787878
8787878778787878
8787878787878787
8787878787878787
8787878787878787
7F807F8087878787
7F807F807F807F80
7F807F807F807F80
7F807F807F807F80
7F807F807F807F80
7F807F807F807F80
7F807F807F807F80
7F807F807F807F80
0000EF207F807F80
0000EF20FFFF1100
0000EF20FFFF1100
0000EF20FFFF1100
0000EF20FFFF1100
0000EF20FFFF1100
0000EF20FFFF1100
0000EF20FFFF1100
40004000FFFF1100
4000400040004000
4000400040004000
4000400040004000
4767B0AC40004000
88882BF0685487BE
B5816FF3F76F85E4
D54F794711E52B1D
DD41978734DB6A33
795EC4806334FE8F
0ADDF862835375E3
DDA13DB0F0868AA9
0E52418B772610D0
F6F56D9C48F85E0B
5D11AA19EC195248
7E5EB3E49D6E98C0
E52C2ED81428714B
020EDDCA9AF734B0
CC4A592BC7F1B223
819B06B130AFA4B2
5BDFD6BD5FE9B5A8
246218892EB27014
FE1ED037E0B62AA4
F12D2914F2A6A0A3
3188AA0A4F8FFAB2
EC1B12CCDDA2BC77
6056A0F9D51DE29C
0CCC3985870D2486
772FF62D87FAD440
6D3111ED3A9F025F
A9D43479E50CD4BA
7C62D454F6ACA0B0
0F886E84F01B55BE
4EB573D6010EC1DE
B823513AC18B8B1E
56E08E44B7241366
581F7A245483E6D1
6D706C15038AD04C
E104ADD86A3A5B09
44F301D963AA02FE
DAE0F5248F0F207D
A1EBF4136CCD60C6
02679E899DB724FB
E461FFD467F4FBDB
4E1427889AEB7206
99816AC049C488CD
0246E0C78EA5B09C
0A0A5E53953D9FF0
9C92B37A995E9CBD
209491A20A0864C6
6CB7422EF5B1B40C
5219AC35B243ED18
6706A222CB820321
2614332F079C9A43
A0EB0B95DBCF0C8D
365F7EF17385DEAA
863954A748E50A7E
DC6C16155121B81E
06048AA814539580
C30D8C5C37B64273
CAA547E725051051
E95A8D4B7C0B8FCE
6B4AE97D00B5B935
2E7150DE4CB7B471
CC5F00FB169038B7
737E7017005C95E0
CB2772EC29C6DD2F
F188251EFBD9AF0C
EEF10C0AB84020FA
06EDEBE90CE5F200
F1EAE30EE602FF08
09E1030AECFE0F13
151CEB1302F00DEE
F6EEE6F106FC0612
010200E20317FBFE
E30EE80FED13F01C
FFFFFBD8F3F01907
FFFFFC33000000E2
0000011AFFFFFF7D
FFFFFCFBFFFFFECC
000002D1FFFFFEDF
00000232FFFFFFBB
FFFFFFE8FFFFFF16
FFFFFBC6FFFFFB32
80004FE4000000EA
0000004000000010
800070AC0000000E
8000708C800072AC
800051D4800072EC
0000004000000010
80006E0C0000000E
80006DEC8000700C
800051E48000704C
0000008000000020
800064EC0000000E
800064AC80006CEC
800051FC80006D6C
0000008000000020
80005BAC0000000E
80005B6C800063AC
800052148000642C
0000008000000020
8000526C0000000E
8000522C80005A6C
6F74652080005AEC
6C0A696E72736861
6366772C796D7564
76412E3A70624967
53524E4F4527546B
424D4855573B434C
5059462D4421473F
514A7A78716A564B
024C031A2633585A
030D0307036A02CF
03E902A103120275
02E303D402BE040B
0273031802B50359
042B02A803020232
02C8036502AC02CF
031402BC02A103E8
033A037C029902D3
030703FD03550365
029203DC0329027F
02A2047C02D70277
0310035B02FD02B2
0318037503200346
027D0289031E02D0
025802AB02CF0315
0ADF3F3F034502DB
32E3C03F911F2F2E
205FFE31F11B21EC
001FB021FF0EE010
B13233002022DE00
3FDD1DF1DF2E0122
4110F2E14ED02E20
FF53EF0F22EE0D1F
3E2032CA5205FFFD
00F01BF351FF3644
D3EF5FB3DE64FD04
A5FE020311E5140F
302309090DDF7A2D
AC9010FEDE2DCCE0
1F2DB3E24D2D3E2C
E0FEF1FD30C25630
F4E3F5E1E4FAFCF1
1FFD0C0D5DD23573
011F12D4C933DD15
C3FF4E122E2EC2F0
20E4CCECE2FD1E5F
23FE14E0FEE00DF0
1E1DF2134F5EFE1B
40BCE335C01102B2
FFCE510D330B00DE
33E11323E0001B1D
1F10319DD11D2E1C
0CFEE00F0DFE020C
F002002E30322C0D
3E1FD013DD0FF3C0
0FBF23D05F1250C2
5060E10D022F201C
11C3F0E29143DFD0
102E30DF0D02DE17
0020E010F01F1011
11EF40DFFF3F2B44
31FF1CEFE500D0F2
042113F2F20E11FF
CCE0FD2EE12D0210
33312E0FEE11FCCD
37CFC0E32E53F35E
3320012F0EE00DD0
0F103BFFE0E20D11
10402DEF2132F1CF
204D0B2E204F14F3
E3E0FFE032BEF2E1
04F1114EE311F21E
00C30F0C31401F0D
0112012FE14F3F22
6F11333FF2FD324C
C3CF1FE02A1EE019
FFD2C41020F1F12E
1313D1B42DD1C2FF
00ABCE01211DF101
03F0B6EF420F00EF
4332BFEB11ECE20C
0CFE200C3152F131
F2C1C5E51EF11134
0B1F1F3FC0FF1C1E
3E2E03122B2C9201
2D213AC33FF02AF0
11E1CFD5FE303330
33DF0EF202EFE4B3
3050E14FF34D100E
FF221FAFFDB2E2D4
DF13A1ED31E6FF5E
3030DE3F0101EE00
101F2EDFDE32B360
F44C233CD15F3E21
D015F3B0F3C0F3F1
01A0450020029EF0
212F1A2330212CDE
4F00ED1F2FCF30FE
320FF131E0FD31DF
10D1FE1E14D20D05
0013D00133F210D0
EEF1E21FFEE1F4E0
E202200E2E201FFF
11111F23F0D02F31
01911F0112DF0F31
001EF122122DEE24
F12D2221203EFDCE
1E10DF0F01DE32F1
0F11210F03ED2EE2
1E2ED331101EE2E2
1F3FE002EE13F0FE
F311F0F33FED1222
FF70E00EE110113F
DA0FC511EF023010
D0101DA110D20233
F252FE9E2061FE06
F30B62030FF1CF3F
2EF11B0C00243123
C1F232E210FFFF0A
1E4EF1F2F341E12E
20D1F22F00F2E2D1
EE5201E141CDEE01
2112FC9FC1E4C112
F1EF31E1F222F02F
03CF111400030031
02D13EE004E1FF3E
E0F3202CE3ED12F3
0CFDF1C1DF11CE11
01D0111E2EDFD2F0
1F12AFC22EFE2E22
B23D1ABE1FE40615
E42F12E11F45C035
E3025F01F312F0FF
22B2F1FEE4F42F21
9ED4561C20EF20F1
EE0EFF1DA113CE4A
25903D00CE03EF12
1FCFE0E3221C2300
0113D134B50ECEBC
FB22301F16FE1101
0F0201EC02EE330F
0010F01C2E4503EE
E2E20F2011CA4313
FD12117CD1E1F212
C0B1240F3E03E332
F00F40E0DF10DD00
E0EEEF5E1500233E
D700D211EB10F31F
F301E1B4D31F2043
22F0076EFDAF0F20
EF0D42FEF201FF20
EFDF63D24FD0EC4E
0D2D0E2FEFDC3213
000F242FFFDD3102
1FC2F2FF1EFF021D
1EBD10010A2F111D
01E3F3F0EF1C1E5E
D1133E11F3FFE30F
012F0F23E211DD1E
1000E0E02F422EC6
FF7FF0D030BE4D0F
EF3F1BEDF105D21F
3FDE2500252E1BAF
DAD232CB1FDF40CF
4D2300E93F10F30D
DDF23ED14D1D05DF
AEE1DE5222F0D2E2
DDE22ECFB3F312C5
4E4EF1BE413C3221
EC069221C12D10E1
026DF9111F0D13CF
EDFDE4004DEC1EEB
F2D2EFDC00DD4BF0
D212A4AFE661A523
2D2E5E3E34BE543F
2F43EF45EE2FE42D
F6C350F4D1E0DCF3
147400004F63254E
12F1424FF12A0CCD
E110E30F32DF02DE
FBC4D13E200130D2
F1213FC4EF001DE1
4C30CB0301112FFE
02202000C0EF2FC2
330E21D1DD12D11F
30CE1CFF3E20DFFD
2FF4EF5CE33C2CE0
0FB12D3CFFDF21FD
3F30C0FF02EEC3D3
FE0D3FFF2CF313FF
F23F1E034F5D517D
00F30B0E10031494
DF1013216EF0FE22
2E1FEF10D0F2FBB2
13110EE1F0000FFF
2F1E2011E2020E26
11301E1410FF00FF
3DE2011F1001211F
E31200FD0D2FF0D2
0000D02FE21E2241
FED0E13E11F00011
22E12FDB90DF1011
31CCE1C0E0E03DF0
F11122DB23E1FEEF
7DD1E0DF3F2ED1E1
02F032FE33F01FFE
0040F2E200FF3FC2
EFD531D01EF3FBD0
51EEF03F0F10FFEF
16005EC13E3D31E0
1FEDFFF44239F1DC
004F3155CFFED0BB
D31EEDEE302F2301
E01CED47CD0E1DC1
20C03B252EFCF134
DC1D622D2DC1011F
E2B22011F253D035
CEED002221DE1D0E
03340413EFF0E01C
2300E9F1140CF010
FE0F2E1200E1211F
103DF1422011E0F3
103F31F120FEE22E
33FF1D003FFE1EF1
FE13FF0E23E1F03D
02A3F20FEF24EA33
FE1D3D9DFE053F23
04EDD02D0B122FD3
002112F1FFFD1EEE
22B0E4F102DCF0D2
016FD31F2725DBEE
0D20BED21C1E20F1
20610EFEF0CFFD00
1DF10D4DF1FF4432
00EF11201E4E0CC1
FDF1EF1024B02102
2E30F30E10022EE2
EDEFF212FF22F0D0
D1F1DD041F42F0EE
02210C2EF0EC3113
F07000FE20EF2C20
FDE24A3EF022EFEF
1E05D2003A12FF26
33B03D5FCF23EB34
402FF3D02B20F3CD
E3031CBEBDBF34EF
0134DF1D01000221
44F1DEF0E424F3CF
9EDEFD255CEE1E1F
2FE3F0EE02FE00E4
FF3D3CE051F3E1B0
21B6230B1523D5D4
230F61F2F0FF121D
4EBBE41D02B0F302
E4212700F3243BBF
D1E1C60F002EEC23
FEEEFFEE101214EC
FF2FF432B0E143E1
F3EC3F43DD2EFF00
ED7E1110F10D22F0
FFF2003EDFD13ED5
F41FE1251F121C0C
3F11ED02DC22F1E4
0F3E20D213F14E40
0FD3F2E1B052F12E
1FD61DE9F22FE00D
ADF1CE0E3F13311F
10BFF12D23F50113
E123F03D0F04140C
E632C0AC224FEEE2
FD20070BE0041B02
04B1C1FEEB02EF22
FF41FBF401D141FC
CB4DCE0E22F113FC
2C1F11C0F11FF12D
0F02E1E32F0F012D
E22DDF510ED533FE
22EF01C32E4EE913
E9EFE0ECEF34F150
E23DFEDE2B0CF221
FD5402DF1400F31F
040FE2112EE00D00
1304427EC3D02EFE
F1F2F0FEE54E01C7
FCF11E1F0F0B2FB3
0DF11F5E310013D1
744DFF150F301D21
0E1312F202E33FAE
0CCFF402FF0F1300
1E100FF251211003
AF10E1133F11012F
2F2FF0700003E0F2
1E3D1DF0DF3F1130
0001D23ED22E1310
1303241F01E22010
0200F010E10CF10E
D13E0D320F1F1BD1
10BF0FE0E3B1F2FF
0E1E2DCE0FF3F132
00F31FFFD93C001E
031E00F4FE2C330D
3100E01013EC010F
200B031DEF003001
2EEE93D1032023C0
ED02E01FD01D10C1
FFEF201FC10EF42E
41120022E30E0EFE
FEF2D01E46FFE02C
EFEE35C101FEB220
2E2E02B010F2E200
EFEE0C12104F10F0
12F20F235EF0FE0F
407ED1F001C0022F
041412BFED240122
1F0DEFCF30F21112
020E30E2DFF3EF22
1422F0D20001F0D0
130010FEE1FD302E
F110211E11C1D1D0
C0E03100D1001DFE
FFBE2F430FEE11E2
D1302FE010D911F2
3551C12FDE131F10
2FFFDF13E3F00152
10202FE0F442CEC5
FDF050E01FEFF051
01FE1CC02F10F30C
14401E02FF1D0E10
3E100021F3EFFD2E
E3400AE27CE11C43
E00C745E6031DBFF
D330F2DF420414EF
3B1FF0EEDF4F4026
FDEDF5FFFCEF1D12
1BF39CD5CF4210EF
CF01011BF30FE301
755F11BEB2412EA0
15020F3FFF4F13EC
EEAF23240F0ECFC2
FDF0EF2244F003CF
4F01F24E11F20021
EEEF2002ED6230DC
EDFFC94001F3EF20
F6415D1DBF1102D0
D1E0F1F41F5DF230
010E10C09E3EEEFE
1FF1DED320F3E122
212E5FE1E203DC32
051011E4FE20E20F
E1F04FFDEF012F3D
FFE2100D0FDE0404
EFDE4310C222E12F
F0911021000FE4F3
FC625F03EF0A00F2
EF2300F2D2230025
1E2EF24102141121
10C1ED00E3C1E25F
4DF4F0FD02DF041F
ECB4121CFD03E3D2
0FF11FDE3FEFED4C
BD7FED1D0FBD2E1F
31FFD242EE043222
1EE3F1E1B030F2FF
000221720CDC1FDD
02EE1B7F6EF12A2D
E0F3EEFF035104B0
51FC2F3D32C13E62
4F030A3ED0E1F2D1
ADA310223F21130F
32CA000F1005DF1B
F1E02165FFE9321D
EF3F0000D020FEF2
DEE052E4E5EE0F11
4D011F41FDA6041E
10DE13121DEEF0F3
2EF04014021AE122
34DF1200FFF41535
2F0F0101DC2E0FD0
000E1E20120D0102
E1E102CFFDF10022
F1F122E2F1D93EF0
2F01E10010101EFF
0FFE140F0F0F3EF1
EFDFD1010F00EEE0
3F311110CF011302
FD120C20EEDF3021
B32E336E0D5FFBC2
021FBE3C14C22013
492F200C0201DFA2
2D2ECDFFFC11F2A3
3421B1941E2131EB
0543EEE24FDE2212
F071EC1B533D3C1E
F23D203232D51F02
F022119E2FFDDDE1
0A62241F31E4F12F
EFB30E5F00E3E1D5
0E31EFE23FEFD202
050200E0003F11C1
F9B2DF2FD1E1E2D0
00E0F400CE54E0F5
C1E221EFDE3E000C
F0F4EF5EEE23F100
E11F0EF1F12F042D
DF1F0F1E1121C2D0
C03F1CAD1E200D04
1DFCEC01F220EF1D
303DC00F4E11231C
F07FF0B142E3131F
D5DD00D233EFCFEE
3E00E320F4FFFEBC
11E2013D1FFE12DC
24E2ED0E00F0511D
A3FF2342F01D13DF
2E402E7D54B0FE2E
E0E24030B2003F0F
C2A25F25FD1D2113
D303B6F11140FFE1
1124FF1311B20742
03DEF3D30C40E100
D2D124C00232F14F
131F0FA016FFF040
EFBE202CF4AB0C26
EF1C222EF251ADEF
01B310E10EF1C10F
302F0D5E4EFAFF42
12E2EDFEFC0FF1DF
45DF0541511EDFDD
31F1FE211B132F41
0FEE2013E010DFEE
40400D1FD2232C11
121031F1F000FA01
03F2FEC3EF23EF0E
DF50E5227F17023C
0C0F11022E0100FE
ED4FCF0017F01404
1DFF3F0FD1D30E24
00602071EF200E1F
EF36EC131F13C2DF
F0324DFEE1332D61
F2EF2F113E21F061
14FDF201F0F1FFD2
3EF32E2AD11F1322
EF0D01F3D940223F
F4E0ED53E2F21DFE
12242EEDF1DF000F
FEEB310F1F201C5F
2F1DECF122111EEF
0E11F2F1230F2202
D05109F121220FDE
CCFDDEF01F003120
3D0003FF21B1EDFF
EFFE0DCE22E1E02D
D00F141F1E3FE311
0C32221A0E03F522
F60241E3D0F4C330
02CD5E43B11FF002
1EDD1C300EEE130E
11E32A4CD02E12F1
3FF2F2F3191EF00E
F422C222F1FE1FEB
D0F2022D11C3D201
FFFB1E31EF302F41
103EB1F142F00311
D101D0E2E2FEED01
0DDF200F4402EEFC
FDE1BDE0612E113D
14D1323EDA14F9DE
D2F0E0D02D0E213D
023F1EE3E01C1C01
41200F0934F0021F
1FF0F2F41E2EE1FE
E1221E201F02FFD3
25C323CFE2E0E311
140F110D2FC23127
2E200BD5D100F512
10202C4F0D411DE4
0204D23DF4CEDD1B
021F15C5FEDF2FE2
B2F115231F0D3BE3
4BE0E342E120E0B2
0DEBEF71512064A3
020F241BE2DC1F0E
4EF4FEBFE0EEEFF9
0BF0B41442013EED
DC11E2242FFFC0E3
30C00301E0030310
512FFEC2E1D132D3
00D23322230FFD10
12230EEF00522DC4
F0130634B4421EDA
CD11DEFF14FF23CE
4C0D201C02FC9121
2BFDEFC2221522E2
223DDE16320F3E2B
0F24DE1C2111F4CF
E121E03F243F3EDD
DD2D0421CFF20E2F
2D122FBFE2E1B1FF
FE3201CD026E320D
10ECDE22DDD34E30
11FF0F51211D0001
00D02E30E1F0DE0F
2B1E00C021F03EF1
FC13F1CF22100112
F021DC111EF7FE12
13DFEB0DB00402CF
2356E076221CE2F0
05FE023C2E32FF03
F01C20F1D0512F13
1F301BE1F41F0F50
105D3F5F2B25D13E
130320E1D0EED2BC
E25DF5F14012214D
FB1E2EA04F0FF300
E0FD12EECA12FF4F
E32F22B2DE1FE2F2
34FD0D012FAC205F
E201F2E02FE2C2CD
D0CEFE04B3FF06E0
346B4FC2FCF0F221
D033E1F4CDDAB092
FF6E12CF0F04EEEF
F14F0D3E420000E7
10404D0BD00D1CE1
F0FDC041E0F10FC3
043521F102E10E1B
DE32DF1D22FE01FF
1F04FFEE2F201F00
2ED0212002C1522F
F2021F333D1B2E1C
20FD1E0D00FF0F02
0C20DF2F1EFE51EF
FB30E3212F3200EE
221EFE072D2001D2
2110DF134FE15000
E03EF3E1E013F021
0289035E1172DFD0
0305023E02FD03E2
02F80323030F031A
0205030C01E1036B
02CD039A034D02E5
0258027E032702EF
0277036702D00277
032702E202BF0225
033A029902A40386
02CD01E602810363
02EC028103490356
0301031002F20343
02C202D702500330
02A1032C02720310
030402B002A60329
031803050252023E
032302A702330321
023A026C03230280
03420295020C0383
0339027C025603A6
028D02D7025802A6
0364029702AC035B
02FD028B02FA02DE
027D02C1033E030C
0297020702C40264
033B029B03870333
02A502F4022F035A
02DA02CC02980326
02DA026402E6025A
03B901F6022C0252
02A302A7025702AB
02A3033602550295
00F1BC0102CA022C
1010111E212EFD4E
F03223D13FEFE01D
E73EF15E1CC12CD0
C21BCEE3DDD3D1C2
3BA2EDF20745E0C6
BED4251BF1672C30
F7E2EEB432010D04
0132EBFFC1201AB1
122C12DF114FFD3F
111E101324CEECC1
0050F10DF1F20F71
E1EF00F41CF2E122
BF2B3E1FC0FE513D
33C0FE272F2CD4F4
0BB56110D03F33CF
2B3D4E3E22DE71ED
EC3EEBED2E406156
04001F091C004551
0E3B0166023C4ABF
2A333F02D510F44D
03FEAD12200D1403
00FD5FBEB142E101
01C25FD01FD3FDE3
2EECDEF03E9CD2E1
02F4CE1DE5213FB4
DF121EFF302623EF
D01920FFDEFABB62
CEEE02FDD5421132
32DEF22001C41DEE
0D040FFF0FF9321F
1E4F2A26531DF0F5
D22CFBDFC33EDEF1
5E2D211E2471F7EE
10011EEB223FAFB0
EF300EF0B0FF1FE0
3DF0D0EB3430E21C
2FF244DE7444031F
0D50C102BCF6FA40
F300B243B1B3FAC5
DF10D4DFB316D00E
1C021CDE0340EE03
F1C2D244CE2C1E32
4243F21D27F130E1
DC061F92120FAEEF
30FF442121C6E11F
6512EEB03921FF9B
92F011D3151ED7F7
154FD910A0907E32
F9E1114B46341CF5
0044D11D2F042DFE
E06FA14295EEECF2
E31EE40DC222D2E1
74F52A530DF2DA3E
10D5D1E611BE51FF
A1CD31C593DBE0E7
E3341FCE32E15A24
0EBE24A3D121DBF0
22FF012FDE1D7031
F12F242144000E16
101FDC1F3D0EFE01
FD1424FFE0044F1D
FE2EF4E0FD3D024C
E0D2BD1F364FDDDE
F23DC12EE227FF01
FCE01F0E2D1220F7
F02401E1DD511010
DE03FFE0350E0BF0
E12301310632C10E
DD4DD3F3EA424520
10FB24DD50110B61
F3B211D02F26D3ED
20FEF0E1CCB7D0FD
EAD2210C023450C4
E21E2F1EDA3F4339
EF0EF25045FEEB31
19C11FEFC4C7B69D
B23C2EDEC11F213E
311F0CF2132CF412
0C3D4240FFE100CF
D24FE20D11BDE30F
74F0F4023D3CE50D
FE361F002E10BC3C
335F14F32133320D
5134EAE309F3B94A
E3A007D04107B0FF
223FE232DD1CEC15
0ED1ED101D6E1F12
DFCD9FAE0943ED26
2BC23DB2FF0051EE
10D32D51102E203C
043E5010264F321D
FF23D9FB012D4F0D
1F13B32425F0BD0D
011EE6FFB1FE002D
147FEA2222124004
160340F13EF1ECEC
14201413E11E1F93
F21EEF0CF21F20BC
02404CEF210CEE52
E113AF10101D0450
2192061C60AF01F0
5C11EF23AA131B33
3D2E534DB00D0EEF
CE0CE4F0ED00D310
6ED3EF01FD1E4C61
E2B01155DBBAF053
5504A1F067351451
E110F1EF0FF4213A
3EEE0BD4DD0FCF20
229E2F1121E003F1
C0CC25C3F200D3D1
2F332040311EFD30
F4312193D0D0123B
EFF9E322FFF1C0EF
4E0103002E4206EC
2303A3C0FBD26150
20F12FD02020D020
EEDF0E3242000E10
3142E31EF2E313D0
4E0D2B3200219CE2
DF132F4C23115003
005111FFF00E220D
FE4FBC11F22B092F
2AE07113F4F2F6F4
053EDC2EDF1F1610
0112FDB2212FD0E1
0A3F10EB40EF040C
E12EDDCFFFFE005E
D1C3FC0D00512F1E
31FAC445CDD40952
F2B44302C6D5C021
44103FB42CD14EFD
CCF025B30130FEF4
E5F1FF423C20FA23
D70FE1FDDE3E2D41
E0E2B4DE001C2031
1CB3E02F310FCF01
4E34110EFF0F4047
F31F1E122CEF2CA1
4AFA6401E10ECCF2
9761CFCCCDF100E1
E01EA1232F410400
1CED4F1F9B5C061F
EBEAF51231EE1253
E5ED53A4EF1FFB30
1FE6D2209BFC204F
01F1203F1AC41B23
51BE13524E1A63F1
B1D34F0DF2B0F20E
7F1BFD33463012DB
4DE046C0212090FC
7F44C10FEDD11E1E
2EC003100E21E123
1A2E1FED1F1FDC0E
D4F0FFEE64E14EFF
120FF1101C211E1F
0E1E020EC2FFE009
60B00121324BF22E
2EF040E0FD4E02FF
24EF16E210FC10E2
2EDB4CB2EE02F3CD
FC9E124E1CAD2F22
42A7C132F0C01EE0
0ED2CFC111293451
02E211D2413304ED
F07E210000351E14
E5B1302D2EE6FDD0
00F0EEE11DF4C9E0
F1DE24001FD1C00B
3111FF0FF01E02F0
1E041D2F1D22271F
33032ED200102034
2FE5EE03EDC011ED
2D1C3EE01A0CE3DC
E7C10122454BFCD1
FEF3EF1EB0E3F301
FF02FE15C12050EF
12EE7FAF11111411
DED220205DD6CEBF
C110140C0302F2F3
CDF4F2DDD202EFFF
40B00EF1F22042F1
4D51143FF2F2E2FF
10FFFFD63E9FF22D
21FC743B13232F22
E403FE0F02EE43DD
D03BF33FD1EEB022
DDFBFCD30200F3D5
FC020EDFE001FCE1
E0F4C6720D501411
07F02E1FF20D4A12
F1E2FFCC301D6F01
31BF255D370DCFAF
2010F1E4C2ED1A0E
3050EE6F02C4E042
FB17E0EFDED0A4E0
DDE4EFD4120FFFE4
D33622E2BC11F140
FFFEF17F41C40EBC
1E4170D10DDFF2ED
225FED2CDE2DDEC1
3300CD231102EDB1
DC4024E5EDEB0220
0FFC0EE03E9D6FD4
FF0267D0E2C142EF
1211ED22CDE00F09
3DFF1329C52F9F2D
00D1CCE14E4F447C
2FFE10ED02100E00
21FF313231FEF1D4
E23F511BDFEF1030
C11C0F0F51007100
10CF33E0FEF7FD4F
1CDF3211CD2D4312
F113DDE7F35E4114
DD0FF01B0FD33EFE
EE22DDC33D2E6F30
2B621E53E1F1CD12
315F221ECF2420F9
ECC053C1FB94AF0B
31331F12160E72DB
AE411BD30EB021DB
51FF1F5002FF1111
B2ED2400FFDD41F0
FDF341B2F133CD21
30132E4D2F4E32FF
0F9312110E123301
20F0E1FD00FF0EE2
3230EDCF0250D14C
ECE92FE24303FA01
4301D2E113D7343F
7BFF3D10EFE3DE1D
1C104BC4F2020400
040C3CEE013CE5A1
3BA12EED5EF5E1E4
D231EEBE56DB321D
45CDEE39D031D10F
2FCE3DB2F030E1D4
C0205323141B5DE4
FCE0E0EF042CEB17
12B03321009FB21E
10241004D0EEDE21
4F2EEF23F3F3CECF
FDFEBD0CEE1CFD61
EF21CC1FC165542E
01F012AE0142522D
F2E12F2255110011
E10B9E0F91E4F1DE
2DD33E2B61220E40
5123BF2FFD0F2E11
FD33EF1DF5F03FDF
DFF2D2D1132FDE10
5ED141D1CE3F0C13
42E3FD4C1B0032D2
F3E420113E1D3E17
DE005136D3D24F23
D2DF34FF34900300
024E11F0C11FC3FB
E3C502226120CFCD
30EE47C21CA02FEF
CFE03E49FD1336D0
110D4BFCEE116F01
0BE3DD2A120F40FC
E130315D43D0C7E0
3EF332F1F1221E13
103ECE3CC50F009B
121221AF132DDA01
0001E20FCEB2D51E
203FE1D20C2FD15D
F2BBE11E31020EF2
E4DC1F94DA4202C3
CE63E20B00F2EC12
3F05D0BD1FFCCE13
1210F301DA12DD05
222F033F4C005B90
1F433E0C1E02E11E
0D1191F1D0710E02
150FC3D46323D7E3
AF4AF645B9E1B007
4FE323D0223400EC
024FE00FDF1CF2DC
E5ED1FF30CF0D04E
3FEFF22052E233FE
4CB21410700E10FD
13F150C97F43EC5F
0B0BBE42FE0E0322
DA0DE31520EEF2CC
2710412DC4E1E216
F1203F00100E51F0
0210CD1B1F1241ED
1D301FE0A4FDBDBC
E2222601F50EE41D
EE3913C12D0CE220
EFF304F20E1EEC10
C2C13FC00C0311FE
0FF1E43C20EDE100
223120D0DDFF114D
0EE0C02F140DE14C
7321F21F030101AA
041FDB111F2CF15F
3D5BEEE3A94336EB
60D00F3B4F2A30E3
2D4F3EF3EF7C3F04
113E10022D4DED35
2C31229EC2320D7F
C0EDD422EC2E0102
E7B0D2CF102E0EF4
C0EF24F214F0600D
21C52731202320D1
0F3EEE2BF00220D0
01FFFCC4FC2F01E1
401C3031DDD51E1F
543EEC4DECE915FD
002F2CB22E22D0FF
132013E3EDEF4ED3
EC2511313F1D2CED
DF6B40C1FDD0060B
33E0D6131270BFE2
B201F4EE0C4121CE
4DDB21E1DEB15151
ECF6F92EF1224E13
040D1B43D24532F0
0C200200173F111F
CC34DE1DF3A401FD
EF602F94FF1D2C6F
C4F0D21414E0DF01
1D23FEF90325E30F
3A3DDB300D040000
EF1C11220CD2243F
151243EEDF131134
EBF90B03EB4401E2
1DE111A03FFF12F1
0F020BD2F50DF2AF
10FCE216F014EC72
64C24229C2C6E1F1
F0C32CF12E10FCFF
E1FF302F52E16003
11702E1202F9F504
A04FD932410DE9FF
032E0F30E613B3A0
E1CEF41020031D00
02522DEE1FFFE4CE
E901EE621FF00000
FF1F2E5D10F10010
E40D1E32004EFF4F
1221E4AC25CE0111
F2D41CE32CD2103F
313AC2211DFC7C1F
20DCEE3F1E1F16F3
CFE34209DF13F10E
12EF1EF3EEF12EF1
021422F0322BD1EE
B02F0F9091AE0FDB
4EBC3F11CF3B05CB
4FE42F03254C1FF3
361F0333410B433E
DA1131E13CC2FD03
C320F340EDD02FE0
1FD39F10D06E0FDC
DEE0044F11F0F6F5
B5210B5DF2E32012
0A220FE0C15FF602
2CD71C4F212141DC
52FDDEE304BDE0EF
FCD2CB10FFF41F14
F0DF007F0E302201
F210E0F1F33C1111
2F11D10014FF10EF
121C13F2EEB0C4E0
C322002F4150D7F0
2E2AFF350F0153E1
10FFCDDE32FCDC11
1411F11D33E2F11C
CD2FEE0502F3DC02
6144AF1EB504174F
0DBF1E0F1F11194D
5F1E32A2E000CFFF
4CFEC01D4751E1FE
C3ED50AF341EDE56
F400DF2305200E23
ED3E15F4752FEFC0
B043C320F4012B11
4F130DF2FEC3CFE1
AC53353A1C0FDBB0
666D9B10575ACE2E
1C43C0E214F0D032
2EDE7E16CCB3E214
DDB9320E31BFCDBE
23E4ED703D232EE1
DF15E0C2F122FF42
ED41DDF212E213EE
10214E1BE2020C2A
01F0E001D24EE01D
50D90DCDF42E02EE
1CC330A21300F313
200D29D110E20D2B
0FC02140F61531D3
D1220D0FEFF2210E
CE3CCD11F4FCDC41
CCEFE21FD540322C
523E2B0040103DFD
FA23F20FEDBDE0E0
24C3EC1430EE6B24
F12242153E0D7E03
DDD123E22FE2EF47
D3F1D03E212DE2D0
FFA0F0F203400FC2
1FC0E2F3010DEFFF
EEF14F2331E00E22
EEF00F24DCEE0F11
F2A5DEE023207E12
D01302DE13FD2FEF
57B3EF21240CC00A
FDF73EE145C0CF2C
04FE01160FD6B132
61024FF21DFB0B01
D3003100CFB291FE
202ED3FF514214FE
B42CFFE31D0CC2F0
4EC112A5D30D3253
C002230DB2BF1ECE
F2F3F0472E1C11FF
50E2C029E3E0E332
1E12ED3012E13402
007E00C7EF3B1D0D
FB22F45FF1CE114F
30010FE121F20F2E
F1F0F0D05EFE522A
541F42F091E120F9
02DF4FE6EAFD111F
11FE346FF2FDE0F1
361DEF3300116224
C12A1DEB2D23F32C
3B2FFF205F3013E0
FDE41427DD3B01CF
E0DF9BEED2C11EC3
DFB31E22C4041B22
00F12DE211DD7532
CF21DE2F71DCE032
DCE122C004521DD4
F0021DEDE41F011C
7EAD0F110220270D
02AD65142E0F054D
DFAFF04F20CF5F0A
F4493FF1202EFF1C
E3ED25E010B02161
DE0DE0164CA6F02E
BC1ECC0C01236ECD
2203C2F20F143C4E
0D020643BE1DBF57
4202D90FF6542F10
E110722FFEE2BC6D
0C2400514FE1CE25
063FDDCF33E014AF
FF2DE1EEB02BFC30
9073CF1B5412DFF3
5F21D2C30C0BDB53
40C5D311E41FEEC5
33640201DD4E3EB3
0521F4DD0DDED066
524EFBEB0E0BC419
6ADD0424103DED13
33D1142EA1E130F0
FDCDC31061CADCF3
93304FFFBF43091C
42E51F4D611364DA
A1E2FFDF30EE0021
62110D34CF2F2015
ADEC910341F415D5
CE3F512A15040A02
5EFFECF01F24E15E
FAAEE3B5EB1EB3D0
E3F40E7F36E0FD31
D414DF1312EF4234
F2F1FB0C52D0E21F
0ADA3A26021B3F12
C47CECFDE53523CD
BD1E0F22134FF24F
4AB20105D7F0F032
EBDD610161DB5BAF
110FFF0346BBD4E0
10423F0CF42ED70D
23F0F0F330ED0C01
2FEE47C0152FEFBD
B0E0CCEDFF33D0E2
119E2A2E61225F34
ECCEFFF5202F471E
BD11124CC22FDF33
0FE43FFE40F00010
3E71ECE03EFD1FD6
EDFF112301F1DFD0
CF1523201CD1F030
0FFFFEC5121EF960
0DE40242F4CBF424
4F11E23671D0F1A0
02F026E50D3F10BC
C07F42FC12443122
9FFCEE02FD231CD0
DEE3FFEC202F430E
6EC920F5F39113F1
0F1E2E2BC502EE03
C0E4E233F240041E
1F3E2E3C4C0DF300
F0212FCE963B1FD1
703A63D103EBE1FB
442522C05FDDC1BD
CC312411D1C24254
21E00F051F006210
BC1030F200CED100
51FE1011FE1E5FEC
13C330FB714F006F
3BE9B964BBEFD4F1
3E20E33EBE3F294C
3B1619A6BE81BBBF
BEB271683E1608E2
BE1C86D7BE07EFE9
BDF131643E96733E
3E4B2688BE7FC3A1
3E04C0373E05FB7C
BD7992EDBE6FAD5C
3E91F636BE9B3CA4
3E1E375D3D262FF4
3DD463413CFC3233
BD4B1D3FBE21E63A
3D6B21B33D98C4C1
BED76835BDA529C5
BD27197F3D9A889F
BD860A5D3EBDDF99
BD951954BE2E639C
3E954E66BC4BB0EB
BE4196A43E27735B
3DE67E7E3E3BF8B7
3E3A9E803D968B77
BE05E3713D427608
BD3E75DF3BA80473
BD4944FD3E184B25
3E290DFDBC2B161E
BE81C1F9BCDF656C
3E6240F13DC4BDE3
3CB2E4FDBEB6FD45
BE130CB33E8F196B
BE8A183A3CFE0B6F
BDD4BFA03C8DF5A8
3F8CA2723D156B24
3F8C24AC3F8AAD83
3F9431B03F98946E
3F97C5673F93B153
3F8F1D7D3F8E46F0
3F9704353F9AAE7E
3F8D111B3F9B6C8A
3F99C88C3F931D9E
3F8D4CE73F90294F
3F8FBC8F3F90ED8D
3F97082A3F927DD2
3F98839B3F948C27
3F9288ED3F9A41C7
3F8BA0B23F91C47F
3F95A6E63F98AFD2
3F987E903F8CF2B9
3F8D973D3F8B82B7
3F8E18333F918387
3F9B61C03F902778
3FA7A42A3F934CF4
3F9C24343FA2D460
3F939BB03F96F75D
3F89BF493F85FABC
3F8983193F973339
3F911FA63F93FDB1
3FA36BCC3F924A0D
3F96C4843F9155BF
3F9132323F9DC686
3F9208213F8D7301
3F98EFA93F91517D
3F93B55B3F90FCBC
3F87814F3F96B6CB
3C864F223F933B28
3DB0ED7FBDD7490A
3D87A186BD038211
BE175A72BC6E1AA2
BD10417FBDA82D4B
BCF2A0C03D2B3F20
3D95C258BDBA3C9A
3D9C72AC3D23CE89
BDFC9270BD50DFB1
3CB73691BCCFF3E6
3C9FA3833DB89498
BC572C423C07B824
BD0224E33CA65A32
3D0CBDCABC012CF1
BDF72A5BBD07FACE
BD2EF7693E0A6943
3C424B733E08CEF1
BD2090FC3C08A515
3DBD9B7FBDA7081B
BBE4D3ABBC93D598
3D7E81F83E058621
BAFB21AABDEE80BE
BD7DE5313DD3F879
3D0AF07DBCCE4990
3CE8820D3D4AA62C
3DDDE63E3DFDA85C
3D2DBDEE3C4A2C9D
3C293D46BD32D7FA
3D216C9DBDA41E49
BD1D3480BCCC6B2D
BDCCFE8E3C9C2F4D
BD189AACBC542E11
3F80425A3DAAC877
3F9B4F663F96702B
3F9037CF3FAC8060
3FA261803F88D166
3F96060F3F9E6B4D
3F972EFE3FA2406F
3F8D8B5F3F8F1749
3FA7265F3FA52760
3F9690BE3F9718E2
3F9FCC553FAC0138
3FA7E7623F985F8E
3F9400393FA90F76
3F97A7483F9EB7D4
3F937E903F9FC5AB
3F9B9C8A3F8CC06E
3F9423463F9BB2BC
3FAD59553FA155C2
3F951FF03F99BD32
3F9A4AAF3F8445DE
3F9CBD883F959F5D
3F94BCDA3FA71D4B
3FA1A8AD3FA3D08B
3F8F9C073F8B106E
3FA8563E3F98B163
3F9CEA293F91B70C
3F9B7C363F989060
3F9571FF3FA42942
3F9FB1763F8E8D43
3FB040E13F98029A
3F9398C63F917C4F
3F9EBB353F8ADC21
3F9F32363F94B746
0253017F3F9A3753
0258023E026F0209
02AF02CB02C801F2
027B023302630397
031F01BD02630337
01F602B101B302CD
024B029602FD024F
01B202F90255016B
02F902FA02C10238
01D6021402060288
026E034902910274
0236018F022D0289
020C02D602160303
028B028502B202B7
033202F2022C01D4
019E02CA020C0248
2BD042BF03410209
6BDFDF03F03E3F16
CD6363ED5E21AED4
A3FE4DD11BF962E5
121EF012CF753D1D
17F2F1CEFE5141EE
3D403E3E3E4CD0FD
2E4DECFF0101E3BD
33EEDF40EF2D3D01
244123E057F4D051
0E449334D1F1AF71
C0E01F212AF40B92
41F3004F10C3E04E
DCE0D11E002D1AE4
CBEE6652E231B220
E00010EE6C0B1DD5
11EF0BF33C020E7D
ED32ECCDEE504C6B
ABD005F4C4271061
2DF3EF3D130E1011
3F4F3DE70CD22DD3
022D0FADEC4E0C12
06F13E05E02FCED2
43E2C4FAD5E1124D
B24EB0EF0CD4B23F
2F73E371C2B32EF4
F241CCE3FBD30D23
1305FC3F032E3301
4174C3F3D24B264D
502DB06F1E00FDCF
DFC31044015D1FCC
BFF16DEF00ED6D51
1D03FFF5F3D46E4B
2FF104011F4E4022
2C111F355F1DD201
41FB07DFFFFE3011
0E0C3D20F0563242
07143F1EFFE00ECF
3F2FF0002CCDECA0
1324F43F0E3DFE31
FFF0F23E25D3D2D0
02FE0DE1C1E02EE0
E0FD3200F121C20D
21FF1911DEC4F00E
F1D01BE410EDFFDB
1D1EF41E21AF07FE
FFDDFEA2DEE4FF22
FF2FE321E11B00B1
C2F0C3DBEEAEEEF4
2F142340C123EF3F
D2EF2E02312C1CE2
402DCF14C02F1070
04C37BDF50FE36E3
DDE12223DEECC521
FF220123D0FFDFCC
E211124B02FFAEDD
3F3151F141F3C0DE
DEF1D1D01FDEFD50
130FF42E2A92F3FF
112121E2FF3E010F
BC0D313201F141E3
E1E91C20DECD1D1D
5F212FFD40D4E143
00DC11C61FFDF4F1
0EB2D4B0205E4001
4D2F19434C2165EE
02F5B2F011462252
2D20F3439E0F425F
FE1FE0E230F9C924
030FDF44DF0ECF22
D00CEDF452F21D1C
200CEFE7402F1E21
E2EE0104FB53210F
0D23B0024D36AE32
9011332E1204C220
10F3E4241F211032
09ECF3BCE4F2FF13
F03CE12121F52F3E
2DF0C2C011F43F33
D055E1F3E011B0FE
F370FDF72CDD9712
DEF312D92CF00E5B
B2E3FE322DDB22F4
0E2F46D2131E0F21
42C651CD6B0EF521
3B20750EBFBBF5B0
1FFDFF3FAEFE0DF1
AE3E3BEB0A11FCD2
1DC113D230A3FB1F
21FF0FF2F1160AF1
FF03F2DE4D0F2D31
FFD123220022DFC2
20F0101ED012FFD9
9F2D41E0C00CF323
0E3C1DE43F011FB2
22D2F041F202CF2B
F0C4535F3D2E22D2
1CA17F11F24030F0
0502B5D3E2FAE132
E3F0DE217CF32F6E
0CD10405E66C1103
E0300DD14372D5B2
42EF14C913ED2D10
0BFEFCDE4BFDC05E
CD394A21EED4EA90
DF03600DFDDA41D1
2F44D23AB34CD205
3327EAD4EE4134D1
C01453FC2F3F401B
102663D25F34D2EB
9F20FE1EF3EF412E
EC6F1FCF160FD233
92040111631110D0
14C0030EDE2E0B1C
30122A201E14EE1F
FE1FF0FFDDF12FF2
CD0E12100F1F131F
DE25CF32C1F9CE60
E12F505B321CB447
B92E2C30BFE57203
0F52042CD4BE744D
10B3EF550DE12E0C
5D5D0162FB1ED1B9
33420BF1B1F4C0FC
E6C3D13D110E1942
21F32D33B200701B
2F401C3102041121
02001AF0D2C30FF2
1C1DC33CF131346F
3EC221EB2EE1FE21
E3DBF7B32E093214
E2EF41DF3041E002
2C013FDEC0D1DD0E
400F430062EF30CF
69F103A2113D02D1
EE1501FDD2010031
FDF11E03E10220F0
02D4CFD3023E31F0
2130F15902DB3AFF
EFFC3FE140C01720
3421FF3CF2ED3E01
1D72323F204312F6
4730E24FF5013D0D
3EE43DF0D0EF03DF
D0CE2EA1B21BE2BC
0D0B1B150C31C06F
320DE0302397E412
3BEFDFB310D1C4A2
943D42C3AC513C24
22DDFB51F1053F50
00C0646B2C1CF73B
6BD1F0D320FE451F
C2C10B10EFEA5213
06FE4FF2EEF9FCFE
B0FE0312F42CD1FF
40FFDADB55EF7720
FD6FCB3BE4129101
CF11FE5F2F300BF4
3FAF234326132F5D
51101F3B03E25C1C
E1E252CFF219CA30
DF1DE212FEEFF312
D2C1F0212024EF11
4F0ED23D1410140F
53E5E3FF42112723
BCC0D70FFC1DDDFF
FFF111E0E1211E1C
C17D2CC3E20FCEEC
12FD92FEC42EEECD
230F410FFFDFCBBD
1D2131BF050200D3
02610B01CE511D31
BC212DF1E041F13A
2E49026CD6E1F4C1
4E423C02DEE46FCD
AFDD0E11EEE342A1
FBBD01F370F3E09D
1325EDD43E2EEE2D
2160EE1E273E0A4F
0E09B14DEB501F03
020115E3F0EEDF0E
5EF10CEC0EB451D2
FE9421C2FD113FCF
F2101E1C20F1211B
1BDD11E0E301D220
FB2320C0FFDEE0F2
EDDAED0EF0132DD7
212B1301D332D01E
3DE102241FD2C2AF
B0FE9F9F3E37F112
DB60001E135C2F5F
F1EF20330FA100AD
EBFFE42F21EE41F2
20EF2C31212C45F0
3042011D1122FF22
25E0BF401792022C
0B0D121220F30302
3FEEF40F42C6EE4F
D40C31EFC20253EA
4DADF4F32C2E47F3
1042EF0FE0F43D33
0C3535E90EED2FBE
12C4121EDF22D232
46F1232F2302F0E5
2ECE3C1F211F1EFE
F5043103B03E300D
0EA23713F013001E
D05245FEEEF53FB1
43DB034EEDEF1EDE
03EB102CE3E5F015
E321CE201220394F
11EA1F22ED41F290
DF010D0F3EBDFDF1
302231115EC1F5EF
D1014DD31FF03290
05E1EE0734ECE02F
44360EE7DF0D4D30
C531D11412BD0535
4D000A312CC160E1
13E14432D3E4F410
70CE002D10D011CF
2C24F2C15DD2E3ED
FFCDBDE0D12CF3C3
2E2E00CFCF300334
96E1131091027B10
FED0DF2D0D20C05D
F420E0F301FE2F00
F0D2FBEEF322A020
34E1E33C0E15F1DF
22E11F10112119EF
DE0FEEF1E1461311
01F4020DEEED1C3E
25D20C101F1DC34E
0A3315DA5EEFF2CE
E10123F1251F2F09
1C2212041EED63D2
114F905D1EEF1C5F
04DDFCB0F01010FB
23D11ECFD0D20214
CD4020201EDC3CF1
0F0DF0C0330C23B4
C0E3EE2DAD031330
E3FF01E213CD13D2
0E05E070342FD42F
13FFEAAF30EF0241
B13FD4E7F65260CF
29FEA14D2C520B23
006EFD13FFC1D3ED
0014E15F302F3E40
1C4F21F2C6F1A23E
3261DF1E1FE0E104
341105EE4E2D5C11
2E301F5F452E07F1
ED0F010D12EF30E3
03F32033923F02C5
E1C10FFD1E530FD4
03BE021C0F01B3B1
036802E5031701B3
02450254026D01FE
0263037302D00338
03E40320031A030A
02E402D0049E0244
031E036E02390288
02B80232025602BA
035C02B60222027F
0293023D024B0225
02E402F0032C0201
0305028F02E202DE
02BF028903490294
02D002CD02DF0217
0263030A03550348
025F03540363033F
027A020602ED0226
02F002620298024D
02B602B702770275
02320257036402CD
02850356031B023D
02A202D1023C0377
034202A803130273
025F026703F602C7
0239029602D7031A
02F302EC0243031D
0271035E02810226
02A702ED03950257
038403040209023F
02A801D802730340
020602A702C602C6
026B02DA02790230
0251028203010285
025E028A02070295
032B021B02120290
027B025F02590244
036402060284021D
02A702C10298025B
025B025602B20221
020202F3029A021C
027E0237027F0259
027A01DA024F0289
028401E702BE020D
02A601CB0243025F
022D02BD023D020E
022602DE01920317
028802BD01BA023F
034C02D3024601DA
4AF1EEDD028A024E
E1E761BEA4C3003F
0D260FE56F093D51
C243623CC1FAF420
2F200F101EAD242E
0EE21BF15DEE23CE
A33FEF001CFF2212
7D20F49E113310D0
1BFFB3CF2D13F0C1
1EFB1D0DC35462EB
09A1EC342FCEE75B
11E264D0531303DF
25EDF22E00F005F1
0D1F1D3430C040F3
13ECD1D1E1041DED
E11C19B1F11E3522
1E113EE002EF00D1
0CFF6D0342917AEB
011DE2FD0C102D0D
AF001522041213D2
01002B91FD3C020F
30E10ED140F0F002
2411FF210C0C0F1E
FDD2F0F2E31123D1
4C4320D002D2FE10
D120F22D7423104C
21B2EC064191E0C1
E5E64E250B4101D9
21ED4FAF3BEEB33B
23FE43E21C640F23
FFF4EDD12EFEFE3D
E2D1E2B1010C4514
B012F4C1F9AF212E
EF3050FBC431107A
4C021D113212D02F
920BE40E10EDD140
303BF06E131F0E6E
ECE4152120FEF5FF
F15B117EF4021B57
FDC100FE0D03A310
10001F23EFD40E0D
1E3BFCF1FDC131A0
0FCBD000A1C71FF2
31F20D11FEF13FFE
DE3F14FB3122C0E2
FB5E5FEE1F0DE330
6FD3013BF22C10FF
F090200002240065
1C4D33DDE2F0110E
F27313CFB360EC3E
2B0500BC3E5DE33F
E12C13EF00CCF3F2
22C4D1E10B1C0F30
61160A0CFFBCC420
D4FFF322494F03BD
003E1215E00FFE0F
EF2BD0E12E3F7B5F
D4E3FEF2E0F6CD3C
5F42B2A1241BE1FD
C2210F1DCD7313FF
F131E312F20C3B50
01310E00DBFF12E5
0FEBFF40D4144FCF
F1CEFDE223F60F3D
F0D232B1D04E009E
C24E2FDFF06F0C52
7024222BEF32CFE1
F1ADF4FED402F4E6
04FF0C3E100DDD6E
FE0FF0223D9374B3
F30B2F41D3D20E00
3E1411FEF2E300E1
2E43042FDF1311B1
0A200DCF3F501EEE
54C45013246D2E0E
401BDDE2C1E9DD3D
FF0EE1D0E3DF4C21
04F10312CF33CE4F
60F1FFB03141021F
EE0FE11E0F0DFFE2
C30CE70521FCFE71
FF0FC4FCE17AFEE6
5CE1F0C63DD2E30C
D4C50312041EDF21
0005EFF7020D203D
CCD0B43201F4FE33
3BFD21E06133CC0E
13111E500D04FB3D
1BD1012621D24F0E
D1D2F00F1662E201
D00E0E2F2EFCED21
D13B1610F0721F2D
710C0FECC9CA201E
ECFF166330A322E1
D30DBD1103105CBD
4402FF4DD430DEA7
22015E1F42B5ECDD
2F0DDCF06EFE31EF
C23E124FD1E15EF1
591F2EFEFF00EE1F
FE21F011F1F42FD0
FFE512DF04FEFEFC
31220F00D19F2E41
F11F040E0E422300
F30201FCE1F0410D
0DF1C0B0021EF262
043E331F2100223F
3F2EF0D4E5C0132B
20B2DDE12CF93ED1
F5395501F24F31D4
3FD125FEDEDE203E
1E230B20A41024B3
FB07FA4CDA2E0EFF
F07F65311A363E0F
CE01CFB121B03F40
6F12EFCE010FD4B2
BB20ED233DDCCD7D
410332CA0311EC5E
D9FBD1B110FF2365
D23EE404F0DF433A
36A150402F6EF4E5
2C2BECBE034CE2F3
7FE31253C5F1D04F
FE9EFC5FF0341C4D
D3CD9F107D40FFED
54F2102700B31D3E
F00E0EA2152CFD0E
004F234E10F12FC1
F6CDFD005C12EA1E
3FB26D1B3C02113F
E222BCFE2024D09F
2F00ED03DEC1FF1C
CE01FE0F37DFE0F3
2EFEF4140F202F1C
D02FEF1EE10EF044
114F0022B00EF417
113EE21311004FEF
CFEDB2150FE3007F
FC15F02D40EFE1D1
2DFC9D44191FE4EE
61002BFC2EFD1250
FFD21A1CD2FE20CF
D4F31EDE1E004123
0EF1423EF07FF5DE
294EB7E1F0B14F03
051D34E1D213EE10
3C31CBC4E47EFE41
B730340FE6C10D1D
1F01002F320A0212
F2C5D22AEAA5DD3D
E03DF3B3004D0FE1
1B7E1F501FEE05BE
02D1110033F02D10
000E0304F01DD0C2
4FD4DD9014622FC5
EE5122EFDC22AAE4
242320F004B02051
CAD30A243BC130BF
761D23B2BF32DE20
1DB1041FDF350032
2FA01CB1C20143F0
21EEFFE10ECF6500
B32EF0FEFBFA5361
EC4311D1054F370F
3112FE040DF030C1
4F0E30106C0FEFEC
CBBF1F4121351EEE
11B3B01DE091041F
C053D0DE01F3E2D3
1131FFFF0F7D12EE
53E2FFDCF434F1E0
02FD0F123FCF01F3
211E212EFECE1072
0AD1EFF30EE0D101
140D10D2F4D1EE2E
1112BA703EC3D11F
012E23E0B7EF322E
1FB6FE0D0FD3AB63
0F2F6E360140E101
F5FF310C5DDDE539
23E2F9D06FCD0C10
2CFF0D12FEDD1513
EFFDBC03D2D25102
3DC02F1FD2F0DF13
7FD21FEEEE03E1F3
D45E0F9111305FBD
3E032202F3DAC64F
0200E0EB042DFED3
F20D39F10BD101F1
311EFDDE5EE01300
121032DE2604C1F1
3FE1CC2300D4F0FD
1F2F1FEB01E4FC2F
614C03F0E05E7011
2DE3FF5D3000F32E
E02C40CAF2CEB0F0
2A0202E0F26FBF5D
CFF0F3E43E3F02FF
DDD713ED3DFB2520
510D43BF60FEEDE1
90E2600DEB2E1211
714A0F2141C201D3
F3021131AE0521FC
2D5431B5EE0FC000
22D60D2FFDEED2C1
CFDC0E351B01DFD2
5FE0FE0E07F4E10C
E1B2BC521144E022
1F03E2D00013CF2F
0602F520C312D23F
2E16FDCD1DEC2E20
B3EB3F2F010FE107
FD7000CD00FC2B30
23FE2FF11EE040E0
2211B3F00201F10C
E1FE4F30E3E232E0
41003FF9CC1E5D31
E320E02D12F1EFD0
EF0F0411F0EF211F
3F021F2CEC02DFF2
FFBF6F31E0E020E2
FF3ACAF35C0E23A2
D3E1023C0FF42320
7E73FDFCE0013F0F
004BCFDDF123F2E0
2534F31FF602DD4D
4B4DFDE2EFFF1FFF
D03B031E0F30011D
0F0001173F2D0701
E12CE12BE24EDDE3
02F03C3F03F020C2
DBF1512F2CFDED3F
44BF1E31F45EA14A
4CF2FC2C4C9E5EE2
C3FC454FE1024020
3E0302F0EF002E00
2E4F0F0C0F11E0D1
0F1252C3C02013A3
41C222F242EA103E
91122C3022FC30C3
B04FE4C11FF02B00
DDFF12DDAE33DF72
6D3FFEE35001AFFF
C4E0BD022FD2F053
2B2FB1E1102C0E61
1ED33F10B1B0BC21
024E2DDE6110E9D1
B2F3CF521B370E10
E114F4B371FF0E1F
04EE011F3E10FED0
71930F3F5D4DD3C5
3F11E1302EB0DEE1
F0C1F124D51F030F
0FF0001E2F100310
D2FDEF252E0FF1AE
70EFDD1E02E0C005
135630CDE4FD0FEE
2D37426645FF212C
DEDD9EF2DACF5B03
DEF040D2EE96F6E0
5DCE3A31C2F43FB6
E062BEDF2BDF13FC
C2F3416B2F2B2F0E
2332472F21FC700F
FE323FF3FE2111A0
CCEFD2D0032F120F
D13F0012AB1B2065
1425D53CF0C30207
FCA40011CF521410
160E6C30EA7F0E10
00F4C31F3E64BEEA
FC12235FD2013117
21B13F3F1F4FDE13
9FFEDE502A42C4F4
DF020B0EF1ED0ECD
23556EF02F15F0D3
4F007C5D42F32E24
D11D141F2FF0D1E9
EDE400125DD31E11
F11F1E2D0E3140D2
EE1F00613FE3AF20
09DF23F6B21CD71B
BC3B4E1123013E5F
E3CF0200F1F3C150
DCF22F0F1FE03D40
DEEF56106112F1EC
EA22EE2D3FBF523F
CBB513CC4E51DE90
E031D2DDD33ECDFD
FFB423001534F250
E079E0D3001F0122
0F14D1CFD10FE1C2
1F3EDF130FF01044
FFFF4C111DF5232D
104F1D2F4E10E1DE
24DDF0F340FE7F3E
F09CED32D10330C0
131E9E12C26CFD01
1F002F600E63D1CD
00DE016F22C022F2
003021CE0002F31F
C10EF2051F3F210E
3333ED921000D120
2210C0FF1E2F01F0
2B100FAC01D11FF0
1FB335401600752D
3000B0EFC1CC0116
0C2503B2F142ABDB
401D49D0C1F23F13
4205FB0A0503FC20
BCB2E2B1D4022C41
2D4C2E2B9010551B
D4074D3B32D01E25
1C03453FF0B5655F
134EDEB1F29EEB00
DC111D4DE51DB216
D393F2F312D02C4C
DEFEBEE23E303F2E
000432F1D045E20D
4FF0D331FF0EF34D
201FE2DD1F2C0312
F5A1F7F21325F0F0
0B02CDB131C0E132
2104EF1E3C1DCEE0
D1B33E56F1E20012
1F3BD90019EEDD05
21D3E13D3C242FDC
63D0FF11301E70F3
11F0F29AFF0314DF
E24020E1001BF050
FF2303ED21FF1113
DEEED1F1E3410F10
0144F3DE0ED12FE2
109614ED03C3E22E
2D33E3F3E4BFDEF2
BEEFEE0DE124ADB5
E2E1F4E0D5100E23
1E1A61C0F722F010
402CF0F3B70E0C72
0D3DB20F0C31FEF3
13EC1213E11EEF2F
0E232E1ED131C343
53EB021E13C2CE05
D1A0B9112D01F251
2002F2F3E0FB2C10
ECF551403F012F10
0F1F30EFD4B91D6F
D1B22EB2FD0BE71E
000000401E344A0C
3F2F20FEF91FD300
00C2CB246104FF0D
12FE0F1E13F21F24
2090114DEF2010C3
015D2BFFFFFCDCC1
C4F511005F0FF4C2
310E301E22FE511E
1200110D3EE232B3
FD0E0E4622D22310
D31E3B1E201BFF01
11E01FE2DEEE2394
00CF5D910E231C2D
40F44E15EFA0F1D0
EF2005CEED41CE21
1F0402C01C7F013C
FFF202E22000B2E4
F04F2120F2115DD1
F9C4FC1FD0D0020F
F3F12F1C2E31FEF4
C01F4FE2FF02F42F
32D3030F1D11E5EE
0CF3391DD02C540F
C2AFF03026F1EDC1
CF117EA2CEF25322
21BEAD3E13B26072
C16C5133AE1C2ED2
C12314C20F03A2FA
0FEDE2026F30203E
E11A1535E222F922
1C2231FF2050D014
051EFEF0E12CE211
3F113C1301D0C3CF
3EF1413BE1A2F033
00B0F0301FC2E009
E3210F04E5F0D2D2
E20E1D1F14E0EF12
222312CDECF0BA40
110D43D7504430CF
CCF5D35CD2016001
AE3B4FAB61DEEEB3
356C5EFC0FC302D0
24E12EEE20CCA3D9
2EF34EFE3295C2C1
E040011FEE333212
01E3012DF1E00714
033D54DF1510D33F
CFD13CFF0FE01E2F
7C22BE3AC3DFC0FF
EE215F132CE4F3D1
B0B3D220CC103B03
FF0F412C45BF630F
B2F104BF4FD432CD
FEF2C21011E0222D
3FFDFE34DFD10C00
0C13E1D1F3109222
F3F1ECE0C3122C13
7EE41E2B0F930042
D4B2E1113F002D12
D0112C5003E41F1B
404ED52A01C01E30
05F0131BE0F000EE
55E2F4F412D14EC0
C0C9D22BE10E00C3
41A0F02EB7026AF2
943EF3D23EE0D0F4
F414E00B2D03DBCF
51F0FF6FFE1F6205
1FE53C0002D04B0B
D02E0C1D3CE30F9F
DEC0311F0BE01D20
E12173FD412041EF
D10E43111E43C4FD
FF4DA1E9F24CB041
FC60FD443C4516FF
3F200E303E233B2C
023C35DA300D3C9D
D19125C29521140E
2E15E4BEE311223E
3BD4FEE005402EB1
F310FEDF002F4F12
200F2FF0001002D0
2320111E2153DFC1
1FEDE91212112F14
0202E1E51FEFDBFE
4EC1102114B1B44D
C04BE2CF7C203E33
CB22ECF5E000034B
BF014F711310FFFF
07203E1D2F43FECB
DDD612530E53DEE0
35EFC2DD42BF62DF
C9170FED3EFD23C4
E22D2513D72F00CF
5FF5DE4AFEAF5134
231171F2D10EE1F6
2ECC4CFDDD2313CF
1ED00D01B4E2EC00
5052003D6D16F50F
F6A1D04D233D4B4F
1E220FD27090BECF
E0FD101E153FE0FD
0F0FE1B3E10F13F3
20E103F0C30FD9F1
2E122F0FE1133616
EF31B0F002003491
E1E101ECF4FB4235
F102F5A11011FF3F
2FDB1222C1103EE0
323E1C10FF19DBED
0E03F0C0FD1D10EE
20FF22103F102FE0
D23FF2001220F44E
E0CDD5F20D52D0F3
3CE44FFD210FC0D1
37ABD94CF2201135
302502BA330921EE
EE12574F4CB745CF
1A0ECED6B5F21540
EA02EBC0CFBFC6D5
22B011F0A33F347D
DDDEEDF00F3333ED
EE3702F0EDC2F030
3A022EDEE413D0C7
FB20E14322A14111
31421ED1DE0020BD
E3E2B0E00111F2B7
401C3D5112E011E0
5FFD3F21EEF12FFF
425DEEFDF04C19A4
13F4233E2F1D01F0
20DD407F22101F10
BF01221F1E13E5B0
0D923041F0C0505C
D50E0F13F0D1EFD2
EF432003CFEFDFB0
E351A51DF2321D20
DDCE119D062D0D00
11FCDFE4053A1E01
D4DDDAD2FEDBDE4A
0D910C3221024653
1460DA01F0129DE6
DFC30F024F50FD9F
21FC13550E01512A
5F450DBF7C4424DF
EB5A33650311531D
3FE4BE3DA0C35F1D
FDECF9AFD7351212
D1FF3FC0DE21D222
EEB2F4223403114E
5E6E05911500FF2F
DFF0ADE1FD02D0F4
443A1E1FC1DCF12F
DBD6DE372FD30642
5F3E1E4512F3EEED
BF1FF9310E0FD43F
143EF3DED1CCFDF2
FE1EA29E13FCEFED
22F0E52F16D2E312
00F3FE0EBE111D0F
C3111FE0E2F32E2F
723001AA1C20CEE0
0D22FF0F3642022F
0112EE10C0DE4E21
D10E1CF2EDE10EFF
0F1125DF30430FF2
E3F01D3CF5241E10
CEDECFEA03241DDF
D3E5F3122FE7EFE1
B7031FF11EFF1FEB
FFB030D02C9203FF
144012D02AEEF413
11CF293121125312
ED3E212235010010
C3F022DF2BCFDF23
1FF6DF240DF00E42
254510C01E4B2201
2020D00C1F3E2126
1D0EC1EB1062DCF3
0FD210FCF70150BD
0F3D1BE3B4DE0E10
3DFE3010CD114401
FB1F7AEEFB10F04F
FF45EDC06222200F
0C3B20F502AE311C
F6114EEE14E1FF94
E0233EE41E26520B
9E00F7303DE20A24
2ECDF0E3BEA7D22E
0B0D141CEAF07F39
EB357C005EF2E22C
0FFC1CB1ED02F411
CAD0FCFF06112BFD
16E1132ECFD531F1
231FF3CDBCE3E60C
6DEF233DEF7201C2
C11DC1F3415C3E54
0F172B10F042D300
C5C002FFFE343E01
6DF245FDFEF20ECE
00D12001FD1E7910
DBE10DEE215130FF
111EFF423E00E9FF
02E224ECEF1EFF20
F640DE10D105F3FF
5AD3D2D31042D00F
3D500D12CC42F021
5FF46114FF1A0CD2
0D4340CF71BECBEE
F170E5E40FD11E0D
C12BFD03D2219401
5F3FF026301501E3
FFDB11420CF12EDC
B13F21507C330C50
3151B6003AEB106F
3FDDF1E2FE20FB10
FCF32F1E5B12FED2
1F0E50E71C2CB321
115E10DE44BFDE1D
F4D610BA2EF6F2DD
BF42212F3C01DFDD
334F2E34ED3DB01D
FEC31F220C1F2FF0
1512132FBB3D60C5
0024FF602BCC7DB2
C4F522D04AC2CD44
F510E21B0DD1235B
2B00EF4E025D004F
20230DF05FCF9D31
FECAD0E3342FB52E
F21F10102C4C0914
647FD22FBF3366BC
001CFF222F3FAF0E
DF1EE9FF1213101E
DD443F21153F3F21
2000F105FEDF311F
0E5CF11CBCEC110D
ED02213DCBFF6412
2D462EFBC02F26D4
9B42411DE35B1C2D
2302E31D11C13F04
21FFCFF2DEEEFC20
4EF001E0034D0690
0D331F03F3EF2127
2BFB113CE1EA2E01
D120140320E9220E
0250EEE12F1CF3EE
2B303DDE210E11C1
F23926202311C012
5FF002FEDD4FFEE0
4125D210F3F2321D
1E10130CEF3F4210
2DD220103F0EDB1F
F41CF1D32FEEEC10
1D035345C1F101B2
C45FB1F3ACF7EEBE
E13E593D1D31D2D3
D32EFF1310E4EA4F
D1FFE0100FFF43E1
0E4FEDF60F010E11
013123434FECE2FF
1EF172E3D1EEFEE1
26B0CF26C12DCFCD
311F30FD110CE133
DD001112F14B0201
0D34F133EEEF2F3C
06EB1F124FC01CF1
E4A20DEEDE220421
33D7540F19F202EF
AFD01FFEE1536FE1
3F0BECE21C4C333B
EF30BE155D4FD241
00FD93CDB0DDA041
212E21FD5CF2C020
2241F027FE1F1241
0FD2F1D2310C1D40
121F00D05F00F12E
3FC11210EDD021DD
11D1E52F3F0FFE1F
E20EF114C2012519
0E200E23DC0E04FA
04722324A403F11E
EE1DE1FBF2B1D401
2D31DF11FE00C41B
CFE2F4114012194F
41D20B270EB10D2E
013D05EF23EF215F
3321D1CEEE0DB4D1
2EEC0EC23043DC2C
DA0E0FEE3301CEF3
15323D5111E21926
2033F1DDE2D3D4EF
EECCD11EEDD0D2D7
F1FD29CBA0153C1E
4DE040F03440E4F2
2D3221003E31F02B
BE6E20E4F3C6331C
105EDFDF133E66D1
BD7C4F0E4112D2FE
C0024FDCACB536E0
FC93342FCF13DF3C
B227CA04E0E02024
15FDDEB002E3E10D
F3B2EC51522036C0
5021F2CD1F0D2E14
C7F0D113D32241C4
D31022DCE421005F
C04F91E26EBFB2EB
E4F13F57C0DF1EAF
022F0223FDD33F21
AE431EB005D4D24E
2CCEC0C3FF434FF2
D220DE21FBA41001
1D0FE1D461D01200
FCC1122F03BC0E34
001074CFEB32F1D5
F6B40D11DF01F003
E211E9F42E3BFCB2
CF052EC74E21201D
B39F6FCC02CED051
E107FC2E3120F0DB
42FD10EE3EECE010
0E0F2DD3D4E32CE0
F15E530300C11F02
C25F52DEEABC2F11
A5203EF5D0DF5D3F
D6EF3102E2FD5430
AEFD3ACBB1691E13
4EDEEE5ED2EDE50E
EE2C5DCFF3FFCDE3
EE130F0F10EDE14C
1E4FC04F47D111F3
C13111BE236EB3DC
FF159320526ECE03
BD4DFD25EF2FDF53
EDD2D1FDF72ECDFF
E01D30D3DE42AA0D
C2120101F4C2EFD1
CC1EFC11F2D275D0
E0FFA1EFD140F5E0
22C1204D3C0E22DA
24210D1DF22BE3C0
10E112C21102ADB5
10435EE29A0FF1F5
1FC000113CD21B3E
ED304C3C212C2C01
F302C4E0E30B13D1
01EC12EDD2292B0D
414AE24EF31F0243
23B0C0ECF3F0FDE0
F136FB24FD3E9C01
4F17023144F0D23E
90E0F0D3C307AF0D
DEE21CE5F1010053
02FF0E352D413432
F4F6FE4952E00EC2
12E0DFE0F2E3EFE3
BDD0D11E4203E3DC
23E2123F1F0F0F34
C1DCE03EEF1E0122
F19C153DEEFE91D3
52155202D11AFFED
0B11D001F0200A4F
6C9F0332D005D0EF
12DE0FF110E04EDE
003252F00F2F2F15
342EED3EEF2F10CE
2FEE22FC0420101C
1ADC44A71DB1F7F0
F4EFE224F1C5F6E3
251A40DFFB2644ED
C9EF0EA24A2F3DE5
20BF531E44F05273
E2001DDD0BCE1F11
2CF3FFE3E40E0F29
0CE01F353D3213BF
4CF21F23C1E0ED00
7FCEF44BD2ABF5F0
345231DE1FCE05C3
E21E2C35011D30B0
E41EAE01F220D2E0
D3311DF0E3CD2FBD
1D97EDF22E10B3C1
4B41402331F4F31F
22FFFEEFE1BFFFF7
DBF6CB3C025DEBAE
DD31EE423FD2E1CD
2D71125AE6C5257E
EF17D0F1EB37CCEE
ECC313BC211E2FE0
014DEF141D00CD11
21E4F04DE50E0D1D
BBFD3C3200FFF1AB
DF120FD1DFD33145
EC3E2B4D713E1532
0C4CE032ED0FB720
F7D23233BE30A0D0
F93B420DB5CAE001
BF1300242D10E0ED
20F1D7C1F23FC3F1
EE302ECEA2E272CF
BEEC0434143211E2
5B503CE02EF3EA30
0E4DD240F02DF100
C22F1F1BE00D9FF1
EFCF40E1E314FA35
D2F3100902FFEEE0
EEF41E1FF22E2DBF
0012EFE2E3F3325F
C9DE1F22F2E0E120
0ED321F033FE10F2
2050E3DF33042330
10303E36BDFFD000
E1D3D22014C93E11
DA231DD1DD0B411E
3103C2E104D03092
110DC4E5703E2F12
7A5030E3D13E0FEF
DAF01312FE00C0FD
D2B4F122DF0F00E2
02CA039FC2B124C0
04710347032F0348
02DC032803AD0309
03E9040E045203F9
039902DE035C03FB
044B0337032A03E2
0337047403AF02CC
041206F00469050C
042A04F704DB0219
0554048C04A3048F
043004A3049D0323
045F0345035503DC
052B0307040302ED
06060560034D04C2
043103E803430505
048204C205DC047A
EF1F1BC2078A0665
1FF2451ED1CDC53B
3F3C2DC33F3CD515
D11002F2012015D9
FD26C2DC3FC1F151
331D41DB2050E4F3
1425EE3EAD5FD1FF
EC3D4110B6EF39C2
3043141F147C9ED6
121102FF9C01ECED
01FF95D1EE1E1E1B
34F3C33103EFE592
D933ADDB0CE3FE33
2E4E03DEF2654112
4033DE6DDD01F442
EC2B4134D10ED123
EF31B0EBC50510EE
FE2D1FEC1242D122
3134E013DF034D2E
C0101131D30EFF72
E310FE01B3F0C1D2
3ECC1F1E02230ED3
23E0FFDF1F31DEE3
DE11403442DDF0F3
2E3EE1FFD3137FE0
5D0501E0D4D0210C
FC0FF2D4994FEDC2
22F21E0C13E464B3
1E2F1E015F2F2E3E
26E50F50F401EA02
3E431BE1EECD50CD
1F3E10132FDD0007
E0D01C000BF2BFE0
14321256F3F4FC4B
FDF0E0CFCDEF22FC
172223E3B2AF1005
EDF3DDFF3D3B592B
014C30ED11431021
341F013FD05400CE
D15C353EA2E24B14
F3C000F4E095B0B4
2CE14E023FBBD5EF
342A0C311C2CE4E0
F39403CF3F5D212C
FD1E32FF22D103CE
33E0FE102FEDFFF1
1FD3F115CF010C11
2E3E02F7BCD222E3
1E19E3701FD10F00
2C32DBE00DFD1E6F
2B03C240120E41E3
43040ECF0B2F22F2
EB24112C2E1E0C22
D450FD20E2316C11
01230CB3E1D1F22E
C9CF1F1222FFDCC2
043FF22EF403FFC2
E2EE1111000E3E30
FE02EFC3EFC0FE00
00D2FC52F90030BF
204F43531D1BF031
045CDF1920114020
BF6301E31C3DEEB2
CD0F2CEEEE0E3D65
EF0F3CF0E0CF10E7
FF335F4E94CEE02D
44BA0FF3011F26D2
ECF01FB1224D32EB
E0B0D03132ED5560
F102111E241F3C1E
3EF0FFE0701FD1FA
D2E02121EBD20110
BF1DD110B0D5E2CE
41130EE22101E12E
90121F02D1A4F12E
30B2C401F3F0CF0E
D34B00022F011D24
500F170CD57FFE10
D0BECF2CF611BDFD
6301C0121FE112D2
EFC9F6F23EEFDCFF
3ED024F30EDB4EF1
D212D001033CF0CB
27631CCF341000E2
2EC20FE31142DB3F
B4AD11DF2D3322C1
0E1E51FF3517FE4F
9EC0C21B6E36E23A
C203D23ECE020105
1FD121061F101E14
01B002D393EFEEEA
106420FE10C3E11B
E4F2E45B1C01F111
121D231F121FFF4C
FEC22FD1C3F01F29
4DD1D11213F343FE
40102BE21E1FF1BF
E41FFC40C1EDD4E0
32BC1E104620C2EF
1B3040CDF242172B
00FE2E223E1BF220
1F123B4FD2CE131F
44C9FE12FE0E04C0
FEC22FA0124E010B
01031FF331FE461F
E0BBEFE01B0311F7
C20F413E22D12F54
0F3CF20B4E3FED5D
FF10E03EE13100E1
3133D05E00002E3E
D0F1040F01910FED
2202C9D4EF221002
12FBF37EA0001403
3F002E2D0C2E3F2E
22F1F0EE20021F0D
310101FE4FF01DE1
400133D21F111E0D
AE2DA3001EF1F104
92ED012B54B02D43
5F2D900DF130250E
C0DF0FA43131C2EB
6FE204E141DBACEF
D44D1E42BAD39133
9591F39E24EC0039
11E20D1C70927441
C1BEFFF26DF405D0
E53F6FFA32A50E11
2A0EBF2E01262D5F
2EDF1EF4CF7EF210
C0CEF3C00FF310D6
FE4F5C5936F430F4
3E2B120D412DDF4F
11CB3DF5EDE2030E
CF2BF2F71094E3C1
CDED4F2023E130E3
4EFE3FFD2021F27F
530E7E206D1A335A
AEFEF20200C2B191
2E3455FE55213F01
2C2DFD2F3CE1EE32
41E171E01E5000FE
F2E1C21220CFF1BE
FDFE43FD31D01E5F
631ED03FF0F1112C
61F26EE41D4F433E
D0CAE0E4FDA2D1D1
FCEF671C360C4F11
20FCBFF12F02ED51
F2F322E0FBFE2D05
F0B2B3141C10C0E2
F4EF041912DF2140
04D1CD0F4E02C33D
10EF2E11EF21D4FC
0E023A30D2CE130F
33C9FF110F0E05DF
FFD12FB0124E010B
23F0F02312FE351F
DE01FE1F2FF101D3
F00B130B52F20E01
2FF191DD0022F22F
1133BC1FF2F30FF2
EEDE92F40DE213D5
9E0F203B27E53341
5AED4F0D2C7E9F4D
42142E1023214DD0
9FBDECF3F5DF34B3
02EB172132F00E24
3FD1EE1E2DF4EF5F
44E36F13C21152DD
A022C13430D30FC1
CC0F410D10FFEF21
3DB2E9FA1E01102E
52CF3017FF5EF3EB
BED9EE1039E026F4
C11D3311402CEF44
0000FEEA2115CE5F
01FE2E11E17DFDEC
0E022A30D2CD1210
23C9FF21F0FF05F1
11D11FC0123E00FB
20EF3120231E330F
CBF09DF239DF32C0
020045EE50FF2052
F0D0EF103D21B0FC
20EE3D10000E1500
FE124A2FD3CE102F
34B9F01200F014D0
0FE10EB0123E1FFC
11DFFD3214FD551E
FD12CC064CA101C2
9C02373C54E2212F
1310BCED4B33D10D
7409FEE3F23FD4EF
29D22D2220FA7010
14102A242312E4D3
E2C2D1D3002EFF09
26001F1203A573EF
D1F2FFF30DE1EDD2
EEDF345DF1D40040
3FC290D04F311E0F
21107D23F01FE12D
CD1FAC002F0164C6
CF2C323952E21004
2F01EDEADF40FE4F
75CE1F35D20210D2
B0CC4F246DD333B2
C0FC33DF13E0FF5F
3DC3BC0F52F6EC1D
01C1426F211D220E
D0D0F0252E0112C1
D2DE0700F41D0F51
0F91BAF05F16CC1B
01DC1021220F12EE
FED100210CE1FFE5
E31D22ED12E40FF1
21A1EDEF7213DD3E
F2091160CF33121B
1E11CE111EFF2E04
F0D00242021200EC
00DFCBE22112EE31
D61BD0720331E2DF
FCDC2F1E11105F21
1FB2F46033C310FC
43D1BEE22111EA0E
251BFA32105E14DF
1FF1037032E30D12
A3C103FFEFD11009
03F0ACB3FB4DEA13
E00C1D10D53F21CF
2001CF71F21070F2
E3C0F0EEE3E5F00D
53E1ECF0FF30CDE2
04CF2053C32D50FC
0DCF0F123FE122E2
E3EF150C00E2211E
21A2CC004E03D90E
23DF3052E11E42EE
0DD01F122ED112E2
E4FF240CF0F2212D
41C0DC003F11D90F
13EEF222E32E22ED
02C0FC32EAE04F26
B4AE304A11D72220
31E00CBC3F4FDD2F
DFDA1D34B33F331A
0BE3DD121FC31FF3
B2E0523A0ED43323
32C1C9D03231DD10
23EF3022EF2D641E
0DE20E1030EE20F6
E5FEF11C01F2010E
11C1EFD12F5FED1F
12CA2052C70F34CC
1BB1FC3033FF7F14
04DE033EE2D312ED
12B0CBDF1121CB0F
BE038771C43E64BD
BD49494CBEA17CFF
3E86836EBDAC8A4D
BE7316A13E869C83
BE4AEC87BDDE046C
3D9A31233DA3D890
BC92C984BEA9B10D
3DFBBC843D4EA536
BDDB0D41BE181354
3E3EECD3BE24A7A4
3D90B34A3E0E0985
3E79879B3DEE0EC6
3E1A6D3D3DFF54B3
3D5DF54A3CD1125D
BE6ABDBBBD4A7B9A
BE8EF7023E538483
3E8A6A67BE3DB832
BE5B0AC1BE1D7B0C
3E2C04CABD7A44E3
BDF299C23E908E34
3DDBA4293E70410E
3E356BD1BDB5AB9A
BE229C3E3E74E5EA
3DE98EF7BE16C6E1
3DD719B3BE7A8A2B
3E9497BE3E69F5E7
BDF919973E5AB07F
BD0B3E473E419E1A
3E67E6AEBE80E3D0
BE0724493DB3986F
3DE07F79BE54C2DA
BE4C1F4BBE3AA807
3FBB71DE3E3F47CA
3FA838DC3FAFE702
3FC598F33FC78079
3FB9CA5B3FB2F40C
3FB615BE3FB9B79D
3FB6993F3FCA07D2
3FA2852F3FAF4D06
3FC147E43FC462B1
3FBEDCEF3FA8D5CD
3FB34F613FA8DE60
3FB7F5043FBB6099
3FAD43173FC38F75
3FB814373FDB3992
3FA095F63FB89FFF
3FB8D36B3FA3A2C7
3FD16BCA3FB9012A
3FCB12F63FD6825F
3FC3D0EB3FB4E4AA
3FCBFBEA3FBE034C
3FA8D98C3FB6DF53
3FDC31EE3FC9C061
3FB13E463FD12F7A
3FB3176F3FB348EF
3FB137733FB2DDAD
3FC6FD233FBD228D
3FBA47BC3FACAD05
3F9B26A83FCA5660
3FC1D1EE3FC748F1
3FBA93FE3FC71268
3FB621093FADC4BE
3FB0157B3FBBBCE8
3FA4AD363FAB5BD4
A1FC04C03FB9B053
B1F519133EF2B5F0
D5F9FC09A9D6302D
C3C6EA05A7152B20
5FD8151A2DBE16F5
1FE2E2F4CBFF07ED
FEF6F215FCE22AE9
0BEDFB0B353FE2E4
01DD2712ED2208EC
D5061000F5FA1815
FFF6E80EFFF5E0E4
E202E7D2D1D4F53E
D6FD1FB41EE5FD22
5013000412E5F017
0D2FFEF13212E321
0018D1E906FCF8A8
11F839FF2343FDE5
EE0DD1F210ED13FF
F7DF0AFB0ADAD725
10FD03C6F30BF7F1
ECF813F7232E29FF
62EE09F90615100C
091C0DE60CE7DFFC
0500E8FBCF20002D
04E4210B07D6F915
FCF8EC0607DDE300
EAFC0CFD1CF80E1D
F40EDAFC15ED0DE9
CFFD05EC2DD710F9
F2011424D013E018
010D0DFF39F61422
FA09140D41170422
0ADEE6D71613E221
17011A230CF6DEF3
EE0310173414EBF2
1227F2C0040210D2
F82527D643D73B1B
4412DC07E926190F
1624FFE7FEDBDBFF
0426FDDF1BF6FA26
F10AFAFEDBE50EF1
3110FAF0FD1E15DE
04E3CE0917E8F000
D634EE02E5EC2AFB
07F425FAE6E3F60D
1727FB120E2BE910
F316E80E3504D1EC
F81FD0080F1A2CE7
E406F7F609CC25F7
1EF6E2F4F4F52AEE
101CE8F7F5011AF3
FBF2F70AEA1F1E25
00081DE0E9F606E5
0A070919F404F911
171014113E080A1B
0D33811E171D0AE2
E3FF280B28FE05E7
DC05D1F100CE0F19
1AFA0311EFE726A8
2E2E1CE6E1F6DDF7
190618F5090D1F05
131F0429E7191701
F3E702D7EAE5D6B4
D515F10812F2EAFD
F3E93624EDD0EBE7
D84AECD613002225
E6E1E1EFEE0323E2
E429EDE102FB04CF
D4CC210BFBFFBA31
28F70906E014E627
17BEE2EF1A14FDE9
CEE5121CE416E5D8
140BFB09F3EBC911
FC00FAE615F41808
FF01F7F2FEF3FE27
DCDCC9010111EAD3
F0DE0B0939E5F6FC
02FAD921F30BD30A
1BBA30EB14EE09CE
EB150BD6020BF7F0
F7FA170CEDBDF724
CDF3F7452E14F6EE
EC05E0EADAF5F91B
F20DF9FE2A1921D3
34E710E7F2ECD7E7
1123EC3320001A02
F6FD28DBEDFB2732
FEF609E5DB0BFF06
01E02E4EEA00CD1F
03D4D5E8DC18D2F4
F41AEC111F10F200
EA0BFA270918F0C1
11FFCD22F6CEFC06
F42E0AE23209F90B
D5E336DB021C2204
E0DF040332FBFEEC
240700230829B3F2
EF12070DE718E604
E6F8FAEE0CE8FF2F
E01E0DC103FA15F5
FDFCDD1509E83A09
3AE015062F080C14
EFEC23DFEEDFDA15
F5F2FCF7D5D6E327
03E8255012C503F3
051D1F20DF2B03E6
DB0E0BE81BF0F0F9
12F9D60E10210F07
E2FBFBE426071620
00400F0D1018E214
F6FB130FF92DD12A
FBFEFE0CEDFDF2E8
07E5F2F6FC1EEAE6
E9E4F703E8E1E329
F2F73410C0D2ED32
FCBEE4DE1EDCD301
BE05151E30102205
10E507D0D6FB13FB
F6F21E1706E0DCFF
01F9D8101CF7DFEB
07F91723F10804F9
C50336371622FBC5
DC1D051DE3F61EFF
52EBFDECF316EE26
2B410C1B10150607
092FE2EDFEFC30C0
122222F41C04F6FC
F82DE90F2C1825D3
F30708FB264BE8D6
FDECE81B00001606
16CCE6C90A45C417
0D21DE293FF41B1C
DBEFDAF947160C20
0CFC1FFCE701FDF4
F217FE1918051506
E305EC12EB13F30D
160C131B3FBE06EE
EFE7EDF6E0DDFE32
E50FD4A8EC032710
25FBCFD61204EA05
311B030B2BFBF420
E403F9F6D4122807
02F8E6F80FD9FCF0
F5FFFCF9FC212214
09EE9B23150917F4
EBEE3105CB1CE7F3
0DF607151FE608CF
0B1AE906033006F9
E42317F50CF21C03
FDFDF70BC8BBFBDF
EA2221FA0F0BFDD5
D90EFEE6F6CB03E0
0107261AD7D00A03
0904E4E3D20CE110
EF22EBFAFC07334A
001930FE210CFAFC
E5CCFE4E1EF42A09
051A380A05F5E7F7
FBEAB8FE1B1CEFFD
0334ED1A121528EA
211319FC19EB01EA
E9EB2EE619F6FA1F
F11D04C8C11F24E1
343FF4DAFAEE01D4
07DC2D02D4DDF00E
EF1614FFDCECD4F4
11E0E2E7FC29F222
B9E2FBECE5FDDEDF
12F81917F7C708E1
E714E10D03ABF106
FD100CD1090526F3
15E004CB0D18FAE5
F1F92300DE38D7D2
150C010B00E0BBF8
F6060FF61EE906DE
E1E3DE07C1230437
0AF1E30F0DF4F711
02FDDD270B07D7DF
0507F3E8FA030D08
0504CD4BEFFD1400
DCFCCCF533DFBAE6
0C010211EBD4DC16
2C10F3211023261A
F107F5FC040B3615
270AEC0020E8DC07
35E80BE21017F624
0CE1120A1D1D01F2
09EF0FD8D0F61D02
130C05EEDED049C2
F613F60FE6051021
0509200810F7F0FE
0310350BFB0DFAE0
1410053A1BC4062F
08D1EF041BE9490E
15D7262303F4080C
2E1332FA29EA3405
122C12DAFE0001EA
480117F7071B0204
2F25E200FD21F71F
F2111EDFF2EF0A16
FFFA15C6C6F229EC
0529F409DDDDED17
F1F1E6D5E21DFDE7
F9F1FF0315F3E5F0
F72D4B1C2EEFF9DE
0C0FEAE6CE0E0DDD
34F7F21F2A032AEE
1E09F3F1E7072AEE
ED05DAE7F4E2071C
F0DC010333E20DCF
D409E51D05E8E215
02E90E221B310D13
FD0B1911FFF0FFC3
F7E9F3C0F30112DB
FA410FFD27D728FC
163AC3E706FB351D
1C221001EC0DDED5
DD080DE412E9F7FF
E31EFA13E73E08F6
27170133F10CFDFD
FAEBD2FAD9D931EE
E50F16DBF007FE31
E636FFE804FB180A
F509DB301F0FEE05
2009D3D7250A121D
FCEAD8FC09F5230D
091B02FF15F418E4
FF40FF0ED1041F12
10061CFE1B0FCF36
13F3F5E9F0E20335
1E39DE0D04FB1115
DD0C0726EF10EF0D
1FCABDF31016F5D9
E405E41DF9F51317
1BFCFC1D05EC0EE7
2AF8F42701241504
BDEA05010CE209E2
E1FEF4E722F1F138
F5EBD51112060315
0003F60222F4DAC1
0E07E8D9E2F8E919
C713D6221BE6E2F0
09FAE9F30FC7F518
F2F22CF000E03316
0DCDF3EC053B03D0
DC0808341007D21E
EEE4F9FCFCF4F8F6
1507EB11E2FC04FC
EB2AEEE5E6E3E5F8
FDF2E30E08F2DE0D
D6FE0DE4E1F71A37
0AF8EDE3ECD21ACC
0F05EDEC0D080DBA
EDD10B51FB212A0C
F411FE1108EF1523
26F108D413FA0927
1D0F2F1500EF05DA
10EACBCAEAE12801
E92400FC2DDF16F6
EF09E7E5B8EFC5FF
E30AECFADA29F8F9
0AE8F9110513D811
F8140BEE13FEF105
09F7E3D4E91E10E6
1B0FF81AD41505C8
DD08F00C1B1321E9
F0F30510FCE62508
FB030C06FD230722
E301E208F01BF400
F5D5F64C1EEF0C0D
FD07020245F53E36
F952FFFBE22120FB
FD15CCDAC3F70FFC
F0DAF20CF7F2E2DF
ED182904CCF5020D
E7F0F7D6FDDA2AE3
170705F80BC3F906
C2E2082B1A040FED
F8E8F21021F5082C
C507FD0BF1DEF92D
032CF20CE5DE14C3
FFEF1D1A00FA0AD9
FA3D1223C2FCFF12
C0FC0F0F0BF5FEE7
DDFEFEDC1EFFE613
25ED14062B0C0D09
18EF170DF614E11F
EF09B815DBED172E
F70BD1FB2106E4CF
D1F1FAF3F83916C6
0FE91CFC291EF912
AD2AFFFBF5EBF3F1
1DF4D41815132DFB
0E05DEF8220E0608
F3BD0CE2EFE3E102
FC190606F4FBE8E1
11100A1B33DACC17
F90BF6F8E4110304
02FAE9F30C0FEBED
E40FEC0012C5F6E6
F3E421020C281605
0226FF0E1C171700
E6DA2EFB02EBEB04
08D72BEBEDEBE7D4
04F8E90D0104E4FA
BD2310E5ECF11DE4
EB1222F226CC0CDC
16DFF6E5C815E6F0
0AF7293501F6140C
D4E00DD3F3F1DCE8
E4DA33050EE80114
27E923F408F71821
F10AFA2FFC28D5E5
DFCEF910F1BC5B0F
2029040B12EDF103
3000D0FFF7FFFC2C
09EC00F70DF32DEF
F31F16DDF303F2CD
100E1119E4FCD71F
EFF202DAFFE8E816
F51A1BE5F4290EEF
E5F914E71AFCF70C
3D1D33F6F4070231
E601191E130EEF1B
09DE03F00009FF02
FE2345F2D5F0EC0F
260C10F607D80205
DFEFF723F2100E23
F9F3CE170518D809
DEEC39EE14FED6F7
18F1F60EDB2305F3
E6B6EC3AE01BFB14
0D3EE1E7F4F718DD
D211DDFAF3EA2B02
28F40609EEED13C1
FD0FD6C2ECE3F00B
0A09FAFCFAEBF303
1D0A240C0D1BFCF0
D4F7E6EF1519F2EC
FC24FCF502EB1330
0D210714FBFF02ED
E50B17ED1AFFFEDB
CC2B10D2FFE10CFA
07F311DEE5F617E1
D618E43C0AE6F3AC
C9FA1D1413072D05
15F5FB02CD0A0B03
DB0B25110415F72E
EA15D4F51506E71B
14DB2BD510050CF4
11F1E129E70114FC
FFF0D5100BF013F1
CD33EBC2DE0BF700
D3120C1C13EC15ED
EB3A16F9F722EEF3
DA2FDC14D5190606
122D19092FFC1918
ECFA02E3062016E7
DB0AE5FFF202E2F4
12EBD80CDB01F6E5
F0140310D0EEF0F2
05EF04DF162D1906
C310EE04F6221EF6
2108FC2CEEF3F9E8
09E11506F112FFDC
FFF4EFFEF90FF010
C9FCE7FE06CFD51A
FAE149271119D2BF
0810E8F4FC53C90A
E7C4D10519D6262C
200BEF24E218DF31
EDE2E52CF7EBE3DD
F90E0BFBFDF9D10F
BDFADFF428D7D718
FB0CFC0F15E004CF
E2061ACD0E0BE8EA
0607EC17F715EE0A
0AF10907140BEFEA
FE42AD02D127DBF0
14091631ED19032B
1022DCE5F71BD4FD
1DD3070A28050F08
1C17110DE9F1F9FD
B81A0BCAC8F7F335
F908DE07F0F5FEFE
E81FE3F0D61500E8
EF12CC07FDEB2320
D7080F22F33EE0FC
1E22CD1F1C0FDAE7
07F0F411260A290F
ED00D3D407EC17DD
F80EECE908FE000D
F9E4C710F230EBE9
F4090B1DED2400F2
FBE70F1029EB1C0B
EA27EBFED518F0D2
E1FE2319DC2517DD
DA33F2221A0F4CFD
D33BD9230EDE0A07
FD0A5FFC1407EF04
0146FB12EB17080D
3B1324F3CD0F1017
1900FE41F733F910
E9FC2A29250A00E5
DF1BFCF4160F1E26
0D0B252E1FFA16EA
D42E0909112B11DD
060D0BF3F0EAF4E2
D6F20205F60A03DD
F20C1E2CE8162BDC
0E1700F4EDFBEB08
F1DF14EDE3010806
290CE609D635CEFA
F52BFBFA2CF5FCF0
0815E60AFF0BDCD0
EBE516100A1DD5D9
EE212501E025F4FF
D6371A03040A08ED
F5111121E1FD05E1
FEFD0306D7F9ECFF
EFC40401F5FAFFF9
E3E6F90F0E020C01
06F52602E209282A
2CD51701C707290E
E001DCF9DBF70AF9
FAEC09FBFBE0040C
0924274D120DF80F
E1DC0FE5E511CA08
01FCE506FC21FBFB
EA10DF1018D10E07
DF1114E8F4F10BC1
0325030DFFFC0809
22DFFBC80912CD0D
13EC1DE6DE1224F5
32F11C0DDA040E0B
F0C9DCE9E015DF22
37F5050FFE03FAFD
E814E91EFEFE13FD
ED10F0EBE4020D01
C9EA1C06DF12DE06
EDC0D5DD150506D9
FEFE1FE6F11EF0FC
1DE40C0DF2040B10
180B03E026E9E405
D7D0E60DF62CFA03
1E0815E50BF626EE
F307C20EF0F92B11
EA0F2A04ED04150C
FFEF261316FDF214
092E11C5F506F4DA
1B12D7F11B12DF10
0E07E3292ADAFE29
E510E123022409F6
14210AED061C15CE
F4F40829FB1CE7CA
EAD40BDABEF50F07
11F1F911E7E2FFE1
E3131728111C4CE9
EFF0DAA70828DE21
17020E102925F025
EAF3F9270203FBB8
0DE9DFFCF72B1DE1
F3EEF1F71DCDEF31
1BEB10F8F10C0703
14030CFDF3F9ED0B
E0251A0EE213E900
001325FF090E0F25
EDFF130200D3DF35
F7D5F51712FBF8EA
0D2BE234CBE506F1
27141101FDDBC8FB
0B1A572C01ED0413
04EAE51AF007121F
300934DBF1171144
00060EF3E3EAD715
22E410DFF308E417
DDE438FAE1FADA25
FB1EFA16F2EA271A
24290EE203F8060E
0F1428E3FCFB260A
EEE4EBF5191CF0FB
FA3402F5081927D8
FC111E0F2512BD46
191F09F3FD1E060F
AAF505180BFBE1F4
3B01E0FF0FFD0E10
2809F1E80A47FE3E
12E6F60DDAFF0EE5
0A03DBDDD3DBF122
FA2CD0CA06EE0E08
4711090BEBD4F705
02140D5113F10336
DC1CF60D170F0BEF
09FF1218D6001FFB
091D06FCFF061701
F7CBF613CED0131A
10F7D6E4ECE9DD0F
F2FE15FD4B000FDC
1526EA2625070608
FE0C19110311FA24
F004E72829EFE6FE
EB11E50106120813
19D600E0F6001C10
0FC9E11C0BDB09F0
12FDBBE0C822BBD9
E722210C16F80803
11F620163DEDF306
EEE1F500E804EF00
F015FD0B35E61C28
E20C08161F240920
08C81C090F1C10FB
3DCE161917E40A1B
C0EBEBCD141FDC08
F5E10DE9CBE0F304
FB18CCE819063FF3
C4A600281DE40B1A
E20F043DF9E9EE0D
FEFE09F6F3FF0307
F30C1AD7EC38D252
E1F61CFB4929111C
DEEDE100E58EE935
DDD7FCE3014000F8
18EB06F3DF14EBE6
15DCE70B0503EFD4
DF1B27224208EEDC
00FC173722E3D931
1E26E91DD7CBE7BF
44FCF959F71E090F
1D06C61506FD35BA
170BBAD1E619C7F2
142CE4D4BF361A43
2C08FF08D516F712
EFE8F60D51E73E3A
C62C2E0E2923D8E6
4010281701FFE3F3
3007F534F60002E1
FE3522F11BFA2510
10E023ECE9A7C218
2DE91826FE14FACD
F22728E02444450F
D7F6EF38382FE407
CF1F06010D0C2922
F32E1A0D0BDDB638
26E9F10B04FEEDEE
260D29D817F7DC03
15DC33D3C6F02443
E717E4EAB7E737E8
EEFEB310202A11F4
070CCAF6EF15260B
1831F626F8E2DACA
4E02ED2B0BD42D18
12EE1A07F60F19E7
F505DC12E3D5A920
DDD42E16DBE61639
10F3F2EE21FB16F4
2B2B0E0AAA0A0B23
BD1B150ABFEF05FE
20C60326FF3ED2E3
C6EE21EC200B01A5
ECF30636DA2A1DEB
CF2BF4E623DF0708
FFF841EF1423ED25
0BDFCB00AFFCEFF3
E81826EA00F0FFFC
0CFBFBFFF2EB12DF
0F11AEF004D2ACF5
002B3C1B4D1812FB
EF0800260F00FFD4
F80709FCB946DDF6
39CF0C21D93628F9
1A142A15CFB81EA0
EFFAEEFD0DF5F629
E4ECFAEA1DE2F7F8
2BCFE1C703F0211F
31FE10C6AEFF0AB1
0E132327E4FFFAFB
F7EF2A11E70B10EF
0BBA30FFE1F50CE4
271CEA07ECE91011
E72EF9E8F3F6210F
AD05340C15242EC2
E0192EEC0F0AF01E
F60DDCDF192745E6
0BE803EEF7F81B26
090412E211172025
E52714DA27D71EF9
F924DC21BDFCE9C3
A5FC05C967162904
E924EFF4E9DB0125
E9FDCAF7C31DE7EF
D6FCEFCEE3E21DFB
2C1655F51149DEDE
DA38FD1B220249FD
B13D120D2A24FD4C
202BB016660B3F14
17D153E4FAF13C00
EE1F230A04DE380A
3D24E7F8FAD717DC
0E24F9E817C20403
DBC906D40EFA0413
A3080B1EFB111E1A
0D2E21F10AD1F0C4
0B25EFB220EBF530
01FC2DF2071026CD
15230C24E5D23E1B
F6D6F310290EF712
411D0624D9D611EB
1C001237E500DCC6
040DFCE2EF1BDA30
2A062CE8E7ABC7FA
F90103E1F421E103
FA04E2F10501EF34
15D1FA2A2FFC33D3
75E4550B19E5D6FE
F0DDF2BCBE230AE2
1F2054EF24F5D41F
DF3208EEDAF2303C
F110FECFB60BFED8
13FE3D1FF90CFFB1
100F16FE3018EF03
FFDEC7E2D30F15EA
1607F0F52208C930
4007FEDF20FCE219
D4C9F3F422EE09FC
DFEA35145926F4AF
06192BF8FAEE0F11
482CE1CEE81FD4FC
DB10AADF09E92DB4
00D7C3E0CEDB06C9
F5F42ED90D19151A
DB0C1D8DD4EECD0F
1625FEFCEBD11C1D
ECFDF11F10CBD5E8
09F418F11CC3DDF1
35E8DF08062B455A
DA440C3D2FD1081B
03FE0CE1E2EA2FFA
53130D2A0FF108E6
5BC318F734DDEB02
4CF90FE414E4D356
EC01CC33202615EB
0BE7F3EEE606DC05
4DF5B3EEF113EEFA
09101002C0EEA64E
43D1EE2C08A4F2D7
3E1922F43604C137
0413D91A10FF030C
05F3F3E91A34972B
CDCFC1190A08C4F1
F71A0C0EDE2AFAF4
38C5C408F835F3FB
0C05DC17DC04361F
3311E717F1FD1E57
F8B5CE3BD2090D25
0806DAB5071FE5F8
3F2120E5CF5043E6
0129050CF53F2504
09E6E9FFDD0E2ACA
FFD605FBE616FD46
181A00EA05FC2A3B
26D5FAD8EFD6F309
DEFE350AECC9EF28
E623582EB92924C2
E0D124211403FA1D
EFE4F9F6DCE6FB16
002124B11F2A10F4
1DFD07ACC2ED281C
09C61CE4081108F6
DF2FD4F8F7EE221D
CBBEFB172EF9E9E7
FC220A413535F7C4
4B45E79007061E08
D416CDDE1BE8FC10
F7E0E4072DB9D514
F1E70EECEE0A05CF
FB58D0FA2ED9F8FC
29D0D1102117E117
000BFF271D162BF5
E51AEEF6FE1DD204
E914FDD6C91D44F8
CE1FEE0A2A21F605
00F71119E6E11F27
D913C73EECC6D015
3F192CFD3F47D82F
37051BBEFB07F554
E429270BFCE6EB2D
10FCF5EB361628E9
3FF95A120A260604
4210F3EE3DE91200
18CFCF1EFCF118FB
C838B60C02F807F0
FEF2FDDE0FF91629
F1C1EB2FFDD451FB
EAF32A48C705E906
F0DAFE34F31611F4
E5120A2AB0DB1ADE
0C4415EA0C3D1C20
F5DBE34818FCEBC8
EDC338DF0919050E
42FF0EFE16F1E7F9
C113FF230A143932
2D0ADD29F7E81E39
D80AF0293505F0D1
17F12EF6D3D214F2
2E37121CC0FD301F
1D14E121FD1D0021
12EDD910F1FECAD1
E8E5FA0AFDBDBD43
090FF3BB1CEA16F2
F3FE1CF73BDCF40D
09FAA5D73FF3FFD5
022ED0F40A5AAD3C
2724D12E1FF5E4ED
3D08001DB83A04BD
0711E312D9BE0D20
0AEB3F3316E5FEDB
ECF820F43BC8E1E5
1F06D81CB7FECAFB
BE1A12F7ECFA3418
0B070EC9D64DD741
F1E2D61D13FBCB22
1D09040CDDFC262F
B10BE3180409C3DC
BC381BF2ED003900
D20DE10A1E2516F6
0B0EF422E7AEEEEF
2E0FEC0FF4ECDB08
0EFBD7BDEFDCECD4
3B0615DE5512DDD7
0CE5F206282D11EA
45DDD304EC1903FD
4FE8CDE1FC23DE1F
E0FC1FADF211F125
B1E6D9E2D8130EEC
D1012625152E00DD
E45408F03307F9F3
2614CB1ED90D0ABE
D920B9F8F0DAE417
EC12F2F5E920D11A
D2FECF29FF0EF604
DAFB46E9DF3C1E29
28F3F70714EB0EE0
122FF912193FF19D
12FBF22AF7151400
01BFDDE5F105B8CC
24FCEDDAFBF20B2A
CEF6F9FBFA1746FC
FF17D807E64BCC14
1A18EDF93302F852
F4232710321FEDE7
1D180AF8FEC6D1F9
D610D6FABF012AF7
DC3A020CD4E50A18
0DFA1C1916F212FA
02E0C7D0C9F5DA13
0EF50057C114F80B
F91821FFF80A29EB
2318B90907CEC006
ECEB040987CFEAE9
0C07E1C723F3C030
5F10090E24D60AF8
D34712ECF7F5ED9F
333EE6132B24B129
1AF4EE1FF5F761D3
0C0804DC3F1713EB
0434120035DCF110
E231081CD3E90421
21231C0E0F3D35E8
D4CC09FB1B0724D6
A7BCCADEFC1EF225
3D34271EEA5DF20E
E640FBFFCFE01313
241D12FCFA29E4E5
1E262C00F2EFCD04
F6FBD9301A2DC917
28E7143330AED305
FF26FECE44EC16E4
EDDBF8E5F7DFCFBB
0BFE03F70ABB0B2E
2606080AEBDE02D9
1E31C4FD37E1D9FA
B408F8EFFA20333C
E7F11E1E29DF02F3
EC03000497EFE6DE
D1E220D603DA6217
4F0D2419CFE7F601
F806FFFA32EB1E1A
0FEF231D0638FE2C
301235B2202C30DD
ED18EBDE03CAE922
0DED17FFED0D3447
DA230C41F44202FD
01112014144500DF
E8F051240B9DF811
DDE81FDDDA5708FC
01D817FF00E4E4F0
EAE6B2C4302822FD
0C40EAF8FD12BD26
0AEFF7D9F927B71A
FEE8EC371C0AE7F4
F8ECF213E3FD35D2
EBC42C0A4BDEF51A
213204ECFCE00C14
2B18E2EB0CEFEBC0
30DE2503FB2C00F6
F7F503D225D40608
E201F410F8F630F7
10AAAF2AEDDF25C0
FEF8F9B0E7E92A29
35F3E934E7E61C0C
F5F5ED1DFB143B5C
1CC1062AF936D6D7
C34838E600F72A00
1BD33FE8D6F7FF16
FF14101FF208E239
47F71FEEC30016CA
EB32FD582415E1EE
E72E0110F90803F3
5214EBF00CF6CAE3
FE2D16CEC0D6EC2E
18E8E815C8DD29F6
112A1DC82708161E
421627EA2005401A
0812E306F825B623
EBF5E449DFDDDFF8
D40D372FEBDEF92E
FBDDC310DF03151F
14022518300DDAC3
21D7D5060F380813
030C012CF4E1DCF3
44FBEE8E0CEC07E0
E4E7EC27DBD71BEF
171EF1CBE7F8112E
DDDF0CBE080CE120
96003D1A1BE7F9F3
13E120FD1651EB28
E80EE6BBFAF90BDB
030117EE0AC8C6F7
BCCEF51BED1DE3DC
FD12FEC5E11CD2E3
16E2CFDF20EE3D02
F427CD0CB7EF0033
0FFBE2EE0D96F83E
1006171BE0CE03C4
1FBAFA17270C08EC
CAD813F1292B16E3
131703DCF4D92FAD
E3FAFDF4E6EC12E2
ECE50B4143DD2C8A
F11EEAD9380113DB
39F140BE2BD012DE
F3DE21EAE045029C
F10BECF60B19CFE4
D3D65B091B0C23EF
F206E501133DD3F7
E4023E21E5FD3E03
21D42F081FD3D2CF
F8F4F6FB0FF1321B
E8E0B9D5F0321502
F106D816B407D9EF
13FB2737E708D408
18FFF42E15DA45FE
01D9E8230930F3C2
FBEC10EB1AC5FD1A
DB210E5B56E43733
07FA13F3E11BDABC
16281803361BF8F9
2814E9FFF3FC0AFA
2BD204F016230B31
07FDC1DFE91CF8EB
F920F4EA39001F03
0901FDDBE816B835
F8FEE937E2C9F7C3
342D0CF10AF2220F
F6ADF3F70A00AFAC
F91A2E21E72A080F
1A1BEE1839E3FFD6
00F00032119F350E
E2E23BF632F8E1EE
D5E0EBF1001FEEE0
3314E43AE6DC2B14
0B050AE7E4E7E8FC
F0F4F121F5F31315
150C0321F4F0093F
E8CF0D0F1DE427D5
330B012702F90DE5
FC1FA3DE0C092400
F9F7FECBE647CDB6
FFEA4413FD0EA01E
121317E6F3D2E3EA
09DA19F6E2E62810
33FD23E5E5F230EE
39E9A4F960FD1302
DC2205ED35FA20D1
F201C2B401FC2A09
EAB3055F00E9C9F7
E112F9CB26F62D49
2CFF0CED201735FA
1310FE37F1D83AD3
CFE20F0F21C82AE6
F9BF082FE5261125
1CECE9D0CD05F523
01091F08FBE92D3A
1CEDDEFBE4230011
2AADE8EBEDE4EE2B
14060809F62427C5
FC15091CD4ED0E25
C4EE4513ED1E0F06
31192BF806EA3910
04E7060725E2FD22
040BF04214071AF7
C5130DE0E42946F8
F5F43323B1F4FF0B
EE48F6F2BC9909F1
FDECED1CEC231D2F
FA4D0B0F18F115F9
07CFFDC007F74E00
F221D8D6FC0E4226
F2D1EDE3FBF5CB15
E2FDF2E4CF0DEAFD
11EEF2AF00FA08F1
E7F6052620EF100B
E52426E8F02612DD
EB1AE9D7E41493F7
EDE20CDB1D29F42C
390734F2B6F80105
0F22F8F7D414C0F6
18FE01C2FFECF8DB
EA0EDC18DB0A4DF0
1F29D006F1C7EB09
E1CA00110415284E
F8FAFE020E0C263C
F5FD19FC0F1C0D37
3E0DE900E6FDF626
ED0729E1FAEA122A
26FF302CF5BC1DE5
C6EA222CF1F32A88
011CC514E3F00AF8
F2EDC5EEE81B0316
CECED815F0171C1C
01E4EDC52B23FCE9
FF2BE3D9F9C8241A
EA1BE702FB42FC00
16F64A14CCE048CD
38F71307F9EAFBDF
35F30A34E9F0D405
E30311C7232324DB
CA130F0AE72E131D
01EEE9FF0F0BF6F7
EAEEF8FAE8153132
2CF8361DDF220ADA
FFE634E718A8EDCB
3FEA17EAD50E34E1
2E08DC010DC719F4
F31F24FDDD212FC8
EA1016F60E2450E5
E139DDE0250BEF25
113E1DED1B0349E0
EEF51F282703CA2F
2C161DFFD9BC2219
E1F5F0FC0B43F646
D1D70E12B61DCCD1
06F1EA150AD7003D
FEFAEFF1C8021514
C2CA1802EC2605EE
E201F60E17FDF6F3
FD3324E43EFBEBA9
F9DF105FE11E110C
133CFD08F5E642E9
FFFA8D17CCE41DF5
F9003AEFCC27EE25
2C1105E34A0E0DF2
F6D4E1E8DF160313
05F61DF310462AE8
F9D6FEB2E2F2F3F0
D9250CF31D02E237
0FCB51E202F018DF
040A1B3427FC1DF9
D9020ED0F51C19FD
12F7FC2D150C0AF9
E1B8CFDC3214EF19
031FFFDF18CF1000
F9303264052722F1
21C60CE722EAF022
FDE403FBE410FAF5
E400E7DC2FDFF034
CA1B27F2F1001C0D
FB05111BEAE80F02
CAF812CA3F1F173F
A31D51DFF4D001E2
E5E80413252B12A8
44F5C1FCEDDFFD55
13D0E7EA20FD17F2
F80EFCEA0E0410E3
CCF1FBE9E3FC1E02
E8AF0C0F080CDDC3
E9E517D5E954FC2C
23D5D0ECE00E00DA
EE51F4DD2B0FD2D4
0CE2051026DFF4FF
FCE6E10EEE0714E6
EED707F91DDA3610
160D172D49B92332
E3DCF17FE3DC00FA
D90F01CE0BEAF113
1AE81D343ADEEF11
DC2D030B0036FFFB
06E006E91DDB53D7
12BEF32912E9E4D7
F1F1DC0B21D8ECEE
E80EE043F4DF0BF2
F93FF422FFEEEF54
FEFAF525271DE6D3
EA16F4DBEA0C03F8
13F6F0F62C230F29
F6F006E304322016
F51BD0F2E9DE32F9
FBEC062F0AD6E427
4B1018E11DCF34EE
FDFB40F0E211D743
E70F1FFECEE6C6ED
F0F628F83701E2DF
4507FAD5211DF6FA
32094FEA24D3C1C8
6670786543D7E5F9
7472717300000000
FFFF44E200000066
FFFF44ECFFFF4596
FFFF4588FFFF4596
FFFF44ECFFFF4596
FFFF44E2FFFF44E2
FFFF44ECFFFF4588
FFFF44C8FFFF44C8
FFFF44F0FFFF44C8
FFFF4AC8FFFF4A68
FFFF4AC8FFFF4A70
FFFF4AC8FFFF4ABC
FFFF4A68FFFF4A70
FFFF4ABCFFFF4A68
FFFF4A50FFFF4A70
FFFF4A50FFFF4A50
FFFF4D16FFFF4A74
FFFF4D2EFFFF4D16
FFFF4D12FFFF4D12
FFFF4D2EFFFF4D74
FFFF4D74FFFF4D12
FFFF4D2EFFFF4D12
FFFF4D10FFFF4D10
FFFF4D74FFFF4D10
0303030302020100
0404040404040404
0505050505050505
0505050505050505
0606060606060606
0606060606060606
0606060606060606
0606060606060606
0707070707070707
0707070707070707
0707070707070707
0707070707070707
0707070707070707
0707070707070707
0707070707070707
0707070707070707
0808080808080808
0808080808080808
0808080808080808
0808080808080808
0808080808080808
0808080808080808
0808080808080808
0808080808080808
0808080808080808
0808080808080808
0808080808080808
0808080808080808
0808080808080808
0808080808080808
0808080808080808
0808080808080808
0000000000000000
0000000000000000
0000000000000000
0000000000000000
0000000000000000
0000000000000000
0000000000000000
0000000000000000
0000000000000000
0000000000000000
0000000000000000
0000000000000000
000000202B302D23
45676665004C6C68
3332313000004746
4241393837363534
0000000046454443
3736353433323130
6665646362613938
FFFF626C00000000
FFFF6242FFFF6282
FFFF6242FFFF6242
FFFF6282FFFF6242
FFFF6242FFFF6242
FFFF6242FFFF6242
FFFF62C0FFFF63DC
FFFF6242FFFF63AE
FFFF640CFFFF6242
FFFF62C0FFFF6242
FFFF6242FFFF6242
00000000FFFF63B6
8000E8108000E7F0
000000008000E7D0
0000000000000000
0000000000000000
0000000000000000
0000000000000000
0000000000000000
0000000000000000
0000000000000000
0000000000000000
0000000000000000
9000837000000000
0000000204C4B400
9000000090000000
E000000000000000
0000000047EFFFFF
4CBEBC207FF00000
42FE0000322BCC77
3F0000003F800000
3727C5AC3C800000
3CBE17453CB3CB9F
3F3504F33E000000
41000000BF800000
3E0375D43F8375D4
3BBD1489B7C756B1
3EA66BEB3CE9528F
390AEE49B684E21A
3D852A633BA68116
BB0DF9C03ECBBBCE
3DE31CC23D1151B3
3EBE92083EA2FE54
3B1ACDC63ED46805
3C5F6E133C445AA3
3D931AE73E013307
3DD9F3313F0A5785
BF58560B3F58560B
42A2932BC11D077E
4322658C43389AE7
4128F02242798057
3C21A0933F31A0B7
40D23F7CBD777F97
43D6810B42D9451F
43D9486F442158C9
419D35CE4309A863
4480230BC3F1C275
4320A2EA441F6441
3F4C9DD4418E104B
C1B387123C21A092
451F90CE43ED43A7
44C017594547FDBB
41F2B45943A2E571
400000003F100000
42B171803E1EA7D4
7149F2CAC2CFF1B5
3F3171803FB8AA3B
3331BB4C3717F7D1
388AB35535DDEA0E
3E2AAAAB3B360B61
3717F7D10D800000
3F317180B717F7D1
3F000000BF317180
00000000BF000000
